Player,Pos,Team,APY,QBrec,Att,TD%,Int%,Succ%,Y/G,Rate,QBR,Sk%,ANY/A,EPA/Play,Pass EPA,Rush EPA,ADoT,Time To Throw,IAY/PA,Bad%,Prss%,OnTgt%
Dak Prescott,QB,DAL,"$60,000,000",6,522.0,5.0,1.9,48.4,280.8,99.1,72.8,4.4,7.03,0.14,92.82,-4.45,8.17,2.67,7.9,11.9,21.3,75.9
Jordan Love,QB,GB,"$55,000,000",9,426.0,5.4,1.4,50.1,236.0,101.9,73.8,4.7,7.44,0.24,108.51,12.34,9.42,2.72,8.7,14.6,22.1,77.4
Joe Burrow,QB,CIN,"$55,000,000",3,157.0,5.1,2.5,46.1,191.8,84.3,56.5,5.99,5.22,0.11,21.96,0.2,7.86,2.69,7.6,13.3,23.6,73.5
Josh Allen,QB,BUF,"$55,000,000",10,406.0,6.2,2.5,49.7,234.0,104.3,66.4,7.52,7.09,0.19,74.15,34.8,7.54,2.77,7.3,12.8,18.1,80.4
Trevor Lawrence,QB,JAX,"$55,000,000",10,457.0,5.0,2.4,44.4,229.3,87.9,51.8,6.54,6.08,0.08,23.72,24.97,8.84,2.66,8.6,14.7,20.8,73.4
Tua Tagovailoa,QB,MIA,"$53,100,000",6,384.0,5.2,3.9,46.4,190.0,88.5,36.7,7.25,5.29,0.0,9.11,-7.47,7.07,2.56,6.7,15.9,21.9,77
Brock Purdy,QB,SF,"$53,000,000",5,190.0,6.3,3.7,55.1,240.3,96.0,72.9,3.06,6.78,0.28,59.63,11.85,8.34,3.03,7.8,12.4,21.8,80.9
Jared Goff,QB,DET,"$53,000,000",8,453.0,6.4,1.1,49.5,262.3,110.4,60.6,5.82,7.97,0.18,102.11,-4.64,6.8,2.55,6.4,16.3,23.9,78.1
Justin Herbert,QB,LAC,"$52,500,000",10,451.0,5.1,2.7,47.0,227.9,92.2,58.2,9.8,5.69,0.04,13.4,13.85,8.06,2.73,7.8,15.3,29.2,76.5
Lamar Jackson,QB,BAL,"$52,000,000",6,274.0,6.6,2.2,45.6,200.9,101.4,60.1,10.75,6.77,0.05,-2.27,20.51,9.05,2.87,8.8,18.3,23.1,72.5
Jalen Hurts,QB,PHI,"$51,000,000",9,397.0,5.5,1.5,43.4,209.2,99.4,54.6,6.81,6.87,0.08,32.26,15.05,9.42,2.78,8.9,16.5,19.7,74.7
Kyler Murray,QB,ARI,"$46,100,000",2,161.0,3.7,1.9,44.1,192.4,88.6,46.3,9.04,4.72,0.05,5.72,4.09,5.99,2.51,5.9,15.9,16.5,75.2
Deshaun Watson,QB,CLE,"$46,000,000",,,,,,,,,,,,,,,,,,,
Kirk Cousins,QB,ATL,"$45,000,000",2,182.0,3.3,1.6,45.3,174.0,86.3,40.8,4.21,6.06,-0.01,-2.97,-0.57,7.23,2.58,6.9,14.7,19.8,74.5
Patrick Mahomes,QB,KC,"$45,000,000",6,502.0,4.4,2.2,47.9,256.2,89.6,69.1,6.34,6.23,0.16,67.09,29.16,8.56,2.66,7.9,17.9,24,74.3
Ja'Marr Chase,WR,CIN,"$40,250,000",,,,,,,,,,,,,,,,,,,
Matthew Stafford,QB,LAR,"$40,000,000",11,470.0,7.9,1.1,55.4,265.9,112.2,69.7,3.89,8.42,0.17,127.89,-31.57,8.97,2.6,9,18.9,17.8,72.8
Geno Smith,QB,LV,"$37,500,000",2,397.0,4.0,3.5,45.7,203.7,84.5,32.4,10.99,4.46,-0.13,-68.22,-0.85,6.51,2.63,6.1,11.4,22.5,77
Justin Jefferson,WR,MIN,"$35,000,000",,,,,,,,,,,,,,,,,,,
CeeDee Lamb,WR,DAL,"$34,000,000",,,,,,,,,,,,,,,,,,,
Sam Darnold,QB,SEA,"$33,500,000",11,390.0,5.6,2.8,51.7,245.2,102.0,62.5,4.41,7.98,0.12,63.57,-5.0,8.71,2.7,8.2,15.3,21.2,78.9
Baker Mayfield,QB,TB,"$33,333,333",7,451.0,4.9,1.6,40.6,214.2,90.6,59.0,6.04,6.11,0.04,-10.37,30.77,8.44,2.69,8.1,15.8,14.4,72.6
D.K. Metcalf,WR,PIT,"$32,999,882",,,,,,,,,,,,,,,,,,,
Garrett Wilson,WR,NYJ,"$32,500,000",,,,,,,,,,,,,,,,,,,
A.J. Brown,WR,PHI,"$32,000,000",,,,,,,,,,,,,,,,,,,
Amon-Ra St. Brown,WR,DET,"$30,002,500",,,,,,,,,,,,,,,,,,,
Tyreek Hill,WR,MIA,"$30,000,000",,,,,,,,,,,,,,,,,,,
Brandon Aiyuk,WR,SF,"$30,000,000",,,,,,,,,,,,,,,,,,,
Terry McLaurin,WR,WAS,"$29,000,000",,,,,,,,,,,,,,,,,,,
Tee Higgins,WR,CIN,"$28,750,000",,,,,,,,,,,,,,,,,,,
Rashawn Slater,LT,LAC,"$28,500,000",,,,,,,,,,,,,,,,,,,
Jaylen Waddle,WR,MIA,"$28,250,000",,,,,,,,,,,,,,,,-5,0,0,100
Tristan Wirfs,RT,TB,"$28,125,000",,,,,,,,,,,,,,,,,,,
Penei Sewell,RT,DET,"$28,000,000",,,,,,,,,,,,,,,,,,,
Trent Williams,LT,SF,"$27,553,333",,,,,,,,,,,,,,,,,,,
D.J. Moore,WR,CHI,"$27,500,000",,,,,,,,,,,,,,,,2,0,0,100
Jameson Williams,WR,DET,"$26,666,667",,,,,,,,,,,,,,,,,,,
Christian Darrisaw,LT,MIN,"$26,000,000",,,,,,,,,,,,,,,,,,,
Laremy Tunsil,LT,WAS,"$25,000,000",,,,,,,,,,,,,,,,,,,
Bernhard Raimann,LT,IND,"$25,000,000",,,,,,,,,,,,,,,,,,,
Lane Johnson,RT,PHI,"$25,000,000",,,,,,,,,,,,,,,,,,,
DeVonta Smith,WR,PHI,"$25,000,000",,,,,,,,,,,,,,,,,,,
Nico Collins,WR,HOU,"$24,250,000",,,,,,,,,,,,,,,,,,,
Tyler Smith,LG,DAL,"$24,000,000",,,,,,,,,,,,,,,,,,,
Deebo Samuel,WR,WAS,"$23,850,000",,,,,,,,,,,,,,,,,,,
Trey Smith,RG,KC,"$23,500,000",,,,,,,,,,,,,,,,,,,
Andrew Thomas,LT,NYG,"$23,500,000",,,,,,,,,,,,,,,,,,,
"Michael Pittman, Jr.",WR,IND,"$23,333,333",,,,,,,,,,,,,,,,,,,
Courtland Sutton,WR,DEN,"$23,000,000",,,,,,,,,,,,,,,,,,,
Calvin Ridley,WR,TEN,"$23,000,000",,,,,,,,,,,,,,,,,,,
Jake Matthews,LT,ATL,"$22,500,000",,,,,,,,,,,,,,,,,,,
Luke Goedeke,LG,TB,"$22,500,000",,,,,,,,,,,,,,,,,,,
Taylor Moton,RT,CAR,"$22,000,000",,,,,,,,,,,,,,,,,,,
Davante Adams,WR,LAR,"$22,000,000",,,,,,,,,,,,,,,,,,,
Jordan Mailata,LT,PHI,"$22,000,000",,,,,,,,,,,,,,,,,,,
Zach Tom,RT,GB,"$22,000,000",,,,,,,,,,,,,,,,,,,
Kolton Miller,LT,LV,"$22,000,000",,,,,,,,,,,,,,,,,,,
Chris Godwin,WR,TB,"$22,000,000",,,,,,,,,,,,,,,,,,,
Stefon Diggs,WR,NE,"$21,166,667",,,,,,,,,,,,,,,,,,,
Landon Dickerson,LG,PHI,"$21,000,000",,,,,,,,,,,,,,,,,,,
Saquon Barkley,RB,PHI,"$20,600,000",,,,,,,,,,,,,,,,,,,
Garett Bolles,LT,DEN,"$20,500,000",,,,,,,,,,,,,,,,,,,
Chris Lindstrom,RG,ATL,"$20,500,000",,,,,,,,,,,,,,,,,,,
Dan Moore Jr.,LT,TEN,"$20,500,000",,,,,,,,,,,,,,,,,,,
Mike Evans,WR,TB,"$20,500,000",,,,,,,,,,,,,,,,,,,
Dion Dawkins,LT,BUF,"$20,020,000",,,,,,,,,,,,,,,,,,,
Robert Hunt,RG,CAR,"$20,000,000",,,,,,,,,,,,,,,,,,,
Ronnie Stanley,LT,BAL,"$20,000,000",,,,,,,,,,,,,,,,,,,
Quenton Nelson,LG,IND,"$20,000,000",,,,,,,,,,,,,,,,,,,
Jawaan Taylor,RT,KC,"$20,000,000",,,,,,,,,,,,,,,,,,,
Justin Fields,QB,NYJ,"$20,000,000",2,204.0,3.4,0.5,42.0,139.9,89.5,37.7,11.69,5.03,-0.06,-24.66,6.66,7.11,2.71,6.8,12.9,26.5,77.3
Taylor Decker,LT,DET,"$20,000,000",,,,,,,,,,,,,,,,,,,
Alaric Jackson,LT,LAR,"$19,250,000",,,,,,,,,,,,,,,,,,,
Aaron Banks,LG,GB,"$19,250,000",,,,,,,,,,,,,,,,,,,
George Kittle,TE,SF,"$19,100,000",,,,,,,,,,,,,,,,,,,
Christian McCaffrey,RB,SF,"$19,000,000",,,,,,,,,,,,,,,,14,,0,
Michael Onwenu,RT,NE,"$19,000,000",,,,,,,,,,,,,,,,,,,
Trey McBride,TE,ARI,"$19,000,000",,,,,,,,,,,,,,,,,,,
Tytus Howard,RT,HOU,"$18,666,667",,,,,,,,,,,,,,,,,,,
Samuel Cosmi,RG,WAS,"$18,500,000",,,,,,,,,,,,,,,,,,,
Brian O'Neill,RT,MIN,"$18,500,000",,,,,,,,,,,,,,,,,,,
Creed Humphrey,C,KC,"$18,000,000",,,,,,,,,,,,,,,,,,,
Spencer Brown,RT,BUF,"$18,000,000",,,,,,,,,,,,,,,,,,,
Quinn Meinerz,RG,DEN,"$18,000,000",,,,,,,,,,,,,,,,,,,
Christian Kirk,WR,HOU,"$18,000,000",,,,,,,,,,,,,,,,,,,
Will Fries,RG,MIN,"$17,544,000",,,,,,,,,,,,,,,,,,,
Joe Thuney,LG,CHI,"$17,500,000",,,,,,,,,,,,,,,,,,,
Jerry Jeudy,WR,CLE,"$17,500,000",,,,,,,,,,,,,,,,,,,
Mike McGlinchey,RT,DEN,"$17,500,000",,,,,,,,,,,,,,,,,,,
Travis Kelce,TE,KC,"$17,125,000",,,,,,,,,,,,,,,,,,,
Cam Jurgens,C,PHI,"$17,000,000",,,,,,,,,,,,,,,,,,,
Elgton Jenkins,LG,GB,"$17,000,000",,,,,,,,,,,,,,,,,,,
Terence Steele,RT,DAL,"$16,500,000",,,,,,,,,,,,,,,,,,,
T.J. Hockenson,TE,MIN,"$16,500,000",,,,,,,,,,,,,,,,,,,
Orlando Brown Jr.,LT,CIN,"$16,023,000",,,,,,,,,,,,,,,,,,,
Kevin Dotson,RG,LAR,"$16,000,000",,,,,,,,,,,,,,,,,,,
Joel Bitonio,LG,CLE,"$16,000,000",,,,,,,,,,,,,,,,,,,
Abraham Lucas,RT,SEA,"$15,333,333",,,,,,,,,,,,,,,,,,,
Jonah Williams,LT,ARI,"$15,000,000",,,,,,,,,,,,,,,,,,,
Jaylon Moore,LT,KC,"$15,000,000",,,,,,,,,,,,,,,,,,,
Colton McKivitz,LT,SF,"$15,000,000",,,,,,,,,,,,,,,,,,,
Kaleb McGary,RT,ATL,"$15,000,000",,,,,,,,,,,,,,,,,,,
Cooper Kupp,WR,SEA,"$15,000,000",,,,,,,,,,,,,,,,9,100,0,0
Derrick Henry,RB,BAL,"$15,000,000",,,,,,,,,,,,,,,,10,0,0,0
Jonah Jackson,RG,CHI,"$14,833,333",,,,,,,,,,,,,,,,,,,
Wyatt Teller,RG,CLE,"$14,200,000",,,,,,,,,,,,,,,,,,,
Daniel Jones,QB,IND,"$14,000,000",8,384.0,4.9,2.1,52.0,238.5,100.2,63.8,5.42,7.3,0.17,60.23,16.18,8.24,2.55,8,12.1,20.3,78
Jonathan Taylor,RB,IND,"$14,000,000",,,,,,,,,,,,,,,,,,,
Drew Dalman,C,CHI,"$14,000,000",,,,,,,,,,,,,,,,,,,
David Njoku,TE,CLE,"$13,687,500",,,,,,,,,,,,,,,,,,,
Aaron Rodgers,QB,PIT,"$13,650,000",8,371.0,5.9,1.9,43.7,199.5,98.8,43.3,5.84,6.51,0.03,18.95,-4.68,6.3,2.5,5.9,16,16.1,75.1
Walker Little,LT,JAX,"$13,500,000",,,,,,,,,,,,,,,,,,,
Damien Lewis,LG,CAR,"$13,250,000",,,,,,,,,,,,,,,,,,,
Khalil Shakir,WR,BUF,"$13,250,000",,,,,,,,,,,,,,,,,,,
Mark Andrews,TE,BAL,"$13,089,000",,,,,,,,,,,,,,,,,,,
Ben Powers,LG,DEN,"$13,000,000",,,,,,,,,,,,,,,,,,,
Darnell Mooney,WR,ATL,"$13,000,000",,,,,,,,,,,,,,,,,,,
Cole Kmet,TE,CHI,"$12,500,000",,,,,,,,,,,,,,,,13,0,0,0
Lloyd Cushenberry,C,TEN,"$12,500,000",,,,,,,,,,,,,,,,,,,
Patrick Mekari,RG,JAX,"$12,500,000",,,,,,,,,,,,,,,,,,,
Jake Ferguson,TE,DAL,"$12,500,000",,,,,,,,,,,,,,,,,,,
Rashod Bateman,WR,BAL,"$12,250,000",,,,,,,,,,,,,,,,,,,
Alvin Kamara,RB,NO,"$12,250,000",,,,,,,,,,,,,,,,,,,
Cam Ward,QB,TEN,"$12,209,901",2,469.0,2.3,1.5,37.6,188.4,76.5,31.2,9.46,4.19,,,,,,7,19.3,27.1,73.4
Pat Freiermuth,TE,PIT,"$12,100,000",,,,,,,,,,,,,,,,,,,
Jonnu Smith,TE,PIT,"$12,010,000",,,,,,,,,,,,,,,,,,,
Dalton Schultz,TE,HOU,"$12,000,000",,,,,,,,,,,,,,,,,,,
Luke Wattenberg,C,DEN,"$12,000,000",,,,,,,,,,,,,,,,,,,
Austin Jackson,RT,MIA,"$12,000,000",,,,,,,,,,,,,,,,,,,
Josh Jacobs,RB,GB,"$12,000,000",,,,,,,,,,,,,,,,,,,
Cam Robinson,LT,CLE,"$12,000,000",,,,,,,,,,,,,,,,,,,
Darius Slayton,WR,NYG,"$12,000,000",,,,,,,,,,,,,,,,,,,
Erik McCoy,C,NO,"$12,000,000",,,,,,,,,,,,,,,,,,,
Travis Hunter,WR,JAX,"$11,662,278",,,,,,,,,,,,,,,,,,,
James Cook,RB,BUF,"$11,500,000",,,,,,,,,,,,,,,,,,,
Rob Havenstein,RT,LAR,"$11,500,000",,,,,,,,,,,,,,,,,,,
Evan Engram,TE,DEN,"$11,500,000",,,,,,,,,,,,,,,,,,,
Kyren Williams,RB,LAR,"$11,000,000",,,,,,,,,,,,,,,,,,,
Christian Watson,WR,GB,"$11,000,000",,,,,,,,,,,,,,,,,,,
Jakobi Meyers,WR,JAX,"$11,000,000",,,,,,,,,,,,,,,,,,,
Cesar Ruiz,RG,NO,"$11,000,000",,,,,,,,,,,,,,,,,,,
Will Campbell,LT,NE,"$10,915,525",,,,,,,,,,,,,,,,,,,
Russell Wilson,QB,NYG,"$10,500,000",0,119.0,2.5,2.5,38.0,138.5,77.4,26.4,7.75,5.35,-0.12,-15.68,-1.29,9.71,2.61,8.5,20.6,25.5,70.1
Juwan Johnson,TE,NO,"$10,250,000",,,,,,,,,,,,,,,,,,,
Aaron Jones,RB,MIN,"$10,000,000",,,,,,,,,,,,,,,,,,,
"Jon Runyan, Jr.",LG,NYG,"$10,000,000",,,,,,,,,,,,,,,,,,,
Dyami Brown,WR,JAX,"$10,000,000",,,,,,,,,,,,,,,,,,,
Josh Palmer,WR,BUF,"$10,000,000",,,,,,,,,,,,,,,,,,,
Dallas Goedert,TE,PHI,"$10,000,000",,,,,,,,,,,,,,,,,,,
Taysom Hill,TE,NO,"$10,000,000",,,,,,,,,,,,,,,,7.5,25,16.7,50
Mekhi Becton,RG,LAC,"$10,000,000",,,,,,,,,,,,,,,,,,,
Tutu Atwell,WR,LAR,"$10,000,000",,,,,,,,,,,,,,,,,,,
Tyler Biadasz,C,WAS,"$10,000,000",,,,,,,,,,,,,,,,,,,
Joe Mixon,RB,HOU,"$9,875,000",,,,,,,,,,,,,,,,,,,
Caleb Williams,QB,CHI,"$9,871,515",10,459.0,4.6,1.3,41.9,225.0,88.8,54.4,4.77,6.52,0.06,28.6,5.73,9.49,3.06,8.6,22.3,25,67.7
Dawson Knox,TE,BUF,"$9,833,333",,,,,,,,,,,,,,,,,,,
James Conner,RB,ARI,"$9,500,000",,,,,,,,,,,,,,,,,,,
Bryce Young,QB,CAR,"$9,488,769",7,387.0,4.9,2.3,44.6,192.3,88.4,47.6,5.61,5.62,0.0,-6.49,7.69,7.14,2.69,6.6,17,24.6,77.1
Jayden Daniels,QB,WAS,"$9,436,663",2,188.0,4.3,1.6,44.7,180.3,88.1,45.9,8.74,5.86,-0.01,-5.83,2.7,7.99,2.62,7.2,14.9,16.7,76.4
Drake Maye,QB,NE,"$9,159,941",11,409.0,5.6,1.7,52.2,254.8,109.1,71.2,9.51,7.78,0.21,121.9,1.73,9.43,2.79,9,14.7,22.2,77.9
David Montgomery,RB,DET,"$9,125,000",,,,,,,,,,,,,,,,3.5,50,50,50
C.J. Stroud,QB,HOU,"$9,069,811",6,337.0,4.5,1.8,45.0,221.9,94.1,62.5,6.39,6.34,,,,,,8,16.8,20.8,75.2
Hunter Henry,TE,NE,"$9,000,000",,,,,,,,,,,,,,,,,,,
Jack Conklin,RT,CLE,"$9,000,000",,,,,,,,,,,,,,,,,,,
Rhamondre Stevenson,RB,NE,"$9,000,000",,,,,,,,,,,,,,,,,,,
Kevin Zeitler,RG,TEN,"$9,000,000",,,,,,,,,,,,,,,,,,,
Ryan Kelly,C,MIN,"$9,000,000",,,,,,,,,,,,,,,,,,,
Ashton Jeanty,RB,LV,"$8,973,953",,,,,,,,,,,,,,,,,,,
Marvin Harrison Jr.,WR,ARI,"$8,843,686",,,,,,,,,,,,,,,,,,,
Mike Gesicki,TE,CIN,"$8,500,000",,,,,,,,,,,,,,,,,,,
Tyler Higbee,TE,LAR,"$8,500,000",,,,,,,,,,,,,,,,,,,
Anthony Richardson,QB,IND,"$8,498,508",nan,2.0,0.0,0.0,50.0,4.5,62.5,,0.0,4.5,-0.61,-1.21,-2.43,15.5,2.27,15.5,50,0,0
Chuba Hubbard,RB,CAR,"$8,300,000",,,,,,,,,,,,,,,,,,,
Joe Alt,RT,LAC,"$8,290,236",,,,,,,,,,,,,,,,,,,
Kyle Pitts,TE,ATL,"$8,227,624",,,,,,,,,,,,,,,,,,,
Isaac Seumalo,LG,PIT,"$8,000,000",,,,,,,,,,,,,,,,,,,
D'Andre Swift,RB,CHI,"$8,000,000",,,,,,,,,,,,,,,,,,,
Ezra Cleveland,LG,JAX,"$8,000,000",,,,,,,,,,,,,,,,,,,
Morgan Moses,RT,NE,"$8,000,000",,,,,,,,,,,,,,,,,,,
Curtis Samuel,WR,BUF,"$8,000,000",,,,,,,,,,,,,,,,,,,
James Daniels,RG,MIA,"$8,000,000",,,,,,,,,,,,,,,,,,,
Marcus Mariota,QB,WAS,"$8,000,000",2,213.0,4.7,3.3,44.3,160.0,87.0,51.8,6.58,6.05,0.01,-3.06,6.7,10.93,2.72,10,16.7,19.5,74.8
Braden Smith,RT,IND,"$8,000,000",,,,,,,,,,,,,,,,,,,
Armand Membou,RT,NYJ,"$7,978,276",,,,,,,,,,,,,,,,,,,
Josh Oliver,TE,MIN,"$7,750,000",,,,,,,,,,,,,,,,,,,
Colby Parkinson,TE,LAR,"$7,500,000",,,,,,,,,,,,,,,,,,,
Connor McGovern,LG,BUF,"$7,450,000",,,,,,,,,,,,,,,,,,,
Ben Bredeson,LG,TB,"$7,333,333",,,,,,,,,,,,,,,,,,,
Malik Nabers,WR,NYG,"$7,301,938",,,,,,,,,,,,,,,,,,,
Trey Pipkins,RT,LAC,"$7,250,000",,,,,,,,,,,,,,,,,,,
Tony Pollard,RB,TEN,"$7,250,000",,,,,,,,,,,,,,,,,,,
Paris Johnson Jr.,RT,ARI,"$7,013,115",,,,,,,,,,,,,,,,,,,
Marquise Brown,WR,KC,"$7,000,000",,,,,,,,,,,,,,,,,,,
Aaron Brewer,C,MIA,"$7,000,000",,,,,,,,,,,,,,,,,,,
Jermaine Eluemunor,LT,NYG,"$7,000,000",,,,,,,,,,,,,,,,,,,
Davis Mills,QB,HOU,"$7,000,000",3,150.0,3.3,0.7,40.5,175.8,83.7,45.2,5.06,5.53,-0.07,-10.81,-0.55,9.01,2.45,8.6,19.2,17,69.9
Robert Hainsey,C,JAX,"$7,000,000",,,,,,,,,,,,,,,,,,,
John Bates,TE,WAS,"$7,000,000",,,,,,,,,,,,,,,,,,,
Tetairoa McMillan,WR,CAR,"$6,982,598",,,,,,,,,,,,,,,,,,,
Kelvin Banks Jr.,LT,NO,"$6,932,812",,,,,,,,,,,,,,,,,,,
Ikem Ekwonu,LT,CAR,"$6,892,013",,,,,,,,,,,,,,,,,,,
Graham Glasgow,RG,DET,"$6,666,667",,,,,,,,,,,,,,,,,,,
Colston Loveland,TE,CHI,"$6,659,002",,,,,,,,,,,,,,,,,,,
J.C. Latham,LT,TEN,"$6,511,297",,,,,,,,,,,,,,,,,,,
Zach Ertz,TE,WAS,"$6,250,000",,,,,,,,,,,,,,,,,,,
Jacoby Brissett,QB,ARI,"$6,250,000",1,386.0,4.7,1.6,47.5,246.2,95.6,44.3,7.43,6.18,0.01,-1.32,7.23,8.05,2.79,7.6,18.1,25.5,73.6
Evan Neal,RT,NYG,"$6,137,814",,,,,,,,,,,,,,,,,,,
Coleman Shelton,RG,LAR,"$6,000,000",,,,,,,,,,,,,,,,,,,
Hjalte Froholdt,C,ARI,"$6,000,000",,,,,,,,,,,,,,,,,,,
Tyrod Taylor,QB,NYJ,"$6,000,000",1,134.0,3.7,3.7,41.9,129.8,72.9,51.8,9.46,3.86,-0.05,-13.31,5.41,9.02,2.8,8.6,13.5,26.5,73
Jarrett Stidham,QB,DEN,"$6,000,000",,,,,,,,,,,,,,,,,,,
Noah Gray,TE,KC,"$6,000,000",,,,,,,,,,,,,,,,,,,
Zach Wilson,QB,MIA,"$6,000,000",nan,9.0,0.0,0.0,44.4,10.7,72.5,19.0,0.0,3.56,-0.45,-5.16,-0.24,7.22,2.24,5.9,22.2,0,66.7
John Simpson,LG,NYJ,"$6,000,000",,,,,,,,,,,,,,,,,,,
James Hudson,RT,NYG,"$6,000,000",,,,,,,,,,,,,,,,,,,
Ethan Pocic,C,CLE,"$6,000,000",,,,,,,,,,,,,,,,,,,
Jaylen Warren,RB,PIT,"$5,952,000",,,,,,,,,,,,,,,,,,,
Jauan Jennings,WR,SF,"$5,945,000",,,,,,,,,,,,,,,,,,,
Evan Brown,LG,ARI,"$5,750,000",,,,,,,,,,,,,,,,,,,
Michael Penix Jr.,QB,ATL,"$5,720,659",,,,,,,,,,,,,,,,,,,
Rome Odunze,WR,CHI,"$5,681,125",,,,,,,,,,,,,,,,,,,
Tyler Booker,LG,DAL,"$5,638,430",,,,,,,,,,,,,,,,,,,
Alex Cappa,RG,LV,"$5,510,000",,,,,,,,,,,,,,,,,,,
Devin Singletary,RB,NYG,"$5,500,000",,,,,,,,,,,,,,,,,,,
Bijan Robinson,RB,ATL,"$5,489,636",,,,,,,,,,,,,,,,,,,
J.J. McCarthy,QB,MIN,"$5,463,699",4,206.0,5.3,5.3,40.4,167.8,72.1,34.7,10.43,4.1,,,,,,9.1,20.7,27,66.4
Drake London,WR,ATL,"$5,383,618",,,,,,,,,,,,,,,,,,,
Charles Cross,LT,SEA,"$5,345,907",,,,,,,,,,,,,,,,,,,
Nick Allegretti,LG,WAS,"$5,333,333",,,,,,,,,,,,,,,,,,,
Luke Farrell,TE,SF,"$5,250,000",,,,,,,,,,,,,,,,,,,
Najee Harris,RB,LAC,"$5,250,000",,,,,,,,,,,,,,,,,,,
Tommy Tremble,TE,CAR,"$5,250,000",,,,,,,,,,,,,,,,,,,
Jordan Mason,RB,MIN,"$5,250,000",,,,,,,,,,,,,,,,,,,
Darnell Wright,RT,CHI,"$5,242,068",,,,,,,,,,,,,,,,,,,
Tyler Warren,TE,IND,"$5,240,163",,,,,,,,,,,,,,,,11,,100,
Olu Fashanu,LT,NYJ,"$5,127,678",,,,,,,,,,,,,,,,,,,
Tyson Bagent,QB,CHI,"$5,000,000",nan,4.0,0.0,0.0,50.0,15.7,113.5,10.4,0.0,11.75,0.32,2.31,-0.37,7.5,3.04,7.5,25,20,75
Adam Thielen,WR,PIT,"$5,000,000",,,,,,,,,,,,,,,,,,,
Ted Karras,C,CIN,"$5,000,000",,,,,,,,,,,,,,,,,,,
Austin Hooper,TE,NE,"$5,000,000",,,,,,,,,,,,,,,,,,,
DeAndre Hopkins,WR,BAL,"$5,000,000",,,,,,,,,,,,,,,,,,,
Peter Skoronski,LG,TEN,"$4,918,330",,,,,,,,,,,,,,,,,,,
Chris Olave,WR,NO,"$4,817,968",,,,,,,,,,,,,,,,4,0,0,100
Garrett Bradbury,C,NE,"$4,750,000",,,,,,,,,,,,,,,,,,,
Ryan Neuzil,C,ATL,"$4,750,000",,,,,,,,,,,,,,,,,,,
Will Dissly,TE,LAC,"$4,666,666",,,,,,,,,,,,,,,,,,,
Bo Nix,QB,DEN,"$4,653,292",12,504.0,4.6,1.8,46.2,232.6,89.7,59.1,3.08,6.2,0.09,58.05,-0.13,8.15,2.73,7.7,15.8,18.4,77.9
Grey Zabel,LT,SEA,"$4,617,865",,,,,,,,,,,,,,,,,,,
Emeka Egbuka,WR,TB,"$4,543,183",,,,,,,,,,,,,,,,,,,
Brock Bowers,TE,LV,"$4,534,696",,,,,,,,,,,,,,,,,,,
Kavontae Turpin,WR,DAL,"$4,500,000",,,,,,,,,,,,,,,,,,,
Jahmyr Gibbs,RB,DET,"$4,461,285",,,,,,,,,,,,,,,,,,,
Omarion Hampton,RB,LAC,"$4,443,616",,,,,,,,,,,,,,,,,,,
Matthew Golden,WR,GB,"$4,393,835",,,,,,,,,,,,,,,,,,,
Taliese Fuaga,LT,NO,"$4,337,040",,,,,,,,,,,,,,,,,,,
Donovan Jackson,LT,MIN,"$4,294,264",,,,,,,,,,,,,,,,,,,
Joe Flacco,QB,CIN,"$4,250,000",2,410.0,3.7,2.4,41.8,245.1,79.2,,4.21,5.1,-0.11,-50.56,3.77,7.94,2.58,7.4,16.3,20.8,73.5
Joe Flacco,QB,CIN,"$4,250,000",2,410.0,3.7,2.4,41.8,245.1,79.2,,4.21,5.1,-0.11,-50.56,3.77,7.94,2.58,7.3,17.7,26.3,72.1
Joe Flacco,QB,CIN,"$4,250,000",2,410.0,3.7,2.4,41.8,245.1,79.2,,4.21,5.1,-0.11,-50.56,3.77,7.94,2.58,7.4,15.4,17.2,74.4
Joe Flacco,QB,CIN,"$4,250,000",1,160.0,1.3,3.8,34.9,203.8,60.3,,5.33,3.14,-0.11,-50.56,3.77,7.94,2.58,7.4,16.3,20.8,73.5
Joe Flacco,QB,CIN,"$4,250,000",1,160.0,1.3,3.8,34.9,203.8,60.3,,5.33,3.14,-0.11,-50.56,3.77,7.94,2.58,7.3,17.7,26.3,72.1
Joe Flacco,QB,CIN,"$4,250,000",1,160.0,1.3,3.8,34.9,203.8,60.3,,5.33,3.14,-0.11,-50.56,3.77,7.94,2.58,7.4,15.4,17.2,74.4
Joe Flacco,QB,CIN,"$4,250,000",1,250.0,5.2,1.6,46.3,272.7,91.3,,3.47,6.38,-0.11,-50.56,3.77,7.94,2.58,7.4,16.3,20.8,73.5
Joe Flacco,QB,CIN,"$4,250,000",1,250.0,5.2,1.6,46.3,272.7,91.3,,3.47,6.38,-0.11,-50.56,3.77,7.94,2.58,7.3,17.7,26.3,72.1
Joe Flacco,QB,CIN,"$4,250,000",1,250.0,5.2,1.6,46.3,272.7,91.3,,3.47,6.38,-0.11,-50.56,3.77,7.94,2.58,7.4,15.4,17.2,74.4
Ryan Bates,RG,CHI,"$4,250,000",,,,,,,,,,,,,,,,,,,
Jaxson Dart,QB,NYG,"$4,244,486",2,264.0,4.9,1.5,41.7,163.8,92.7,61.8,8.33,6.18,0.02,-19.33,28.56,9.11,2.71,8.7,15.3,21.6,72.8
Austin Ekeler,RB,WAS,"$4,215,000",,,,,,,,,,,,,,,,,,,
Mack Hollins,WR,NE,"$4,200,000",,,,,,,,,,,,,,,,,,,
Broderick Jones,LT,PIT,"$4,156,591",,,,,,,,,,,,,,,,,,,
Jake Brendel,C,SF,"$4,125,000",,,,,,,,,,,,,,,,,,,
Foster Moreau,TE,NO,"$4,078,000",,,,,,,,,,,,,,,,,,,
Brock Wright,TE,DET,"$4,000,000",,,,,,,,,,,,,,,,,,,
Demarcus Robinson,WR,SF,"$4,000,000",,,,,,,,,,,,,,,,,,,
Jameis Winston,QB,NYG,"$4,000,000",0,66.0,3.0,3.0,46.4,189.0,82.1,68.8,4.35,7.33,0.26,15.39,4.29,9.83,2.83,9.4,25.8,31.4,66.1
Charlie Woerner,TE,ATL,"$4,000,000",,,,,,,,,,,,,,,,,,,
Joshua Dobbs,QB,NE,"$4,000,000",nan,2.0,0.0,0.0,50.0,6.0,68.7,99.9,0.0,6.0,-0.12,0.92,-1.77,15.0,3.86,15,50,0,50
Andy Dalton,QB,CAR,"$4,000,000",0,37.0,2.7,2.7,46.7,73.3,89.1,11.4,17.78,4.76,-0.29,-5.66,-8.66,9.67,2.42,9.4,13.9,23.9,80.6
Josh Jones,RG,SEA,"$4,000,000",,,,,,,,,,,,,,,,,,,
Kelvin Beachum,RT,ARI,"$4,000,000",,,,,,,,,,,,,,,,,,,
Andrew Wylie,RT,WAS,"$4,000,000",,,,,,,,,,,,,,,,,,,
Kalif Raymond,WR,DET,"$4,000,000",,,,,,,,,,,,,,,,,,,
Alijah Vera-Tucker,RG,NYJ,"$3,971,259",,,,,,,,,,,,,,,,,,,
Josh Conerly Jr.,LT,WAS,"$3,920,274",,,,,,,,,,,,,,,,,,,
Amarius Mims,RT,CIN,"$3,842,890",,,,,,,,,,,,,,,,,,,
Troy Fautanu,LG,PIT,"$3,763,824",,,,,,,,,,,,,,,,,,,
Jahan Dotson,WR,PHI,"$3,762,089",,,,,,,,,,,,,,,,,,,
Antonio Gibson,RB,NE,"$3,750,000",,,,,,,,,,,,,,,,,,,
Mason Rudolph,QB,PIT,"$3,750,000",0,52.0,3.8,3.8,50.0,62.0,84.6,36.7,3.7,4.59,0.06,2.5,1.34,5.55,2.62,5.2,14.3,10.9,79.6
Robert Jones,RG,DAL,"$3,750,000",,,,,,,,,,,,,,,,,,,
Adam Trautman,TE,DEN,"$3,750,000",,,,,,,,,,,,,,,,,,,
Zion Johnson,LG,LAC,"$3,686,670",,,,,,,,,,,,,,,,,,,
Josh Simmons,LT,KC,"$3,668,839",,,,,,,,,,,,,,,,,,,
Brian Thomas Jr.,WR,JAX,"$3,664,995",,,,,,,,,,,,,,,,,,,
Jaxon Smith-Njigba,WR,SEA,"$3,604,327",,,,,,,,,,,,,,,,,,,
Quentin Johnston,WR,LAC,"$3,547,197",,,,,,,,,,,,,,,,,,,
Jordan Morgan,RT,GB,"$3,546,399",,,,,,,,,,,,,,,,,,,
Trevor Penning,LT,LAC,"$3,535,829",,,,,,,,,,,,,,,,,,,
Kenny Pickett,QB,LV,"$3,516,976",0,39.0,2.6,2.6,31.8,42.3,71.4,6.2,11.36,2.36,-0.45,-16.61,-4.86,5.29,2.62,5.2,13.2,21.7,81.6
Zay Flowers,WR,BAL,"$3,509,110",,,,,,,,,,,,,,,,,,,
Graham Barton,C,TB,"$3,506,864",,,,,,,,,,,,,,,,,,,
Hunter Luepke,RB,DAL,"$3,500,000",,,,,,,,,,,,,,,,,,,
Matt Peart,RT,DEN,"$3,500,000",,,,,,,,,,,,,,,,,,,
Chuma Edoga,LT,JAX,"$3,500,000",,,,,,,,,,,,,,,,,,,
Drew Sample,TE,CIN,"$3,500,000",,,,,,,,,,,,,,,,,,,
Mac Jones,QB,SF,"$3,500,000",5,289.0,4.5,2.1,53.4,215.1,97.4,63.2,5.25,6.67,0.1,38.13,-5.27,7.64,2.58,7.3,14,17.9,79.1
Xavier Worthy,WR,KC,"$3,447,566",,,,,,,,,,,,,,,,,,,
Jordan Addison,WR,MIN,"$3,432,934",,,,,,,,,,,,,,,,,,,
Cole Van Lanen,LT,JAX,"$3,406,000",,,,,,,,,,,,,,,,,,,
Cade Mays,LG,CAR,"$3,406,000",,,,,,,,,,,,,,,,,,,
Dalton Kincaid,TE,BUF,"$3,356,760",,,,,,,,,,,,,,,,,,,
Tyler Linderbaum,C,BAL,"$3,309,574",,,,,,,,,,,,,,,,,,,
Anton Harrison,RT,JAX,"$3,299,631",,,,,,,,,,,,,,,,,,,
Tyler Guyton,LT,DAL,"$3,288,952",,,,,,,,,,,,,,,,,,,
Greg Dortch,WR,ARI,"$3,263,000",,,,,,,,,,,,,,,,,,,
Ashton Dulin,WR,IND,"$3,250,000",,,,,,,,,,,,,,,,,,,
Cornelius Lucas,LT,CLE,"$3,250,000",,,,,,,,,,,,,,,,,,,
Bradley Bozeman,C,LAC,"$3,250,000",,,,,,,,,,,,,,,,,,,
Greg Van Roten,RG,NYG,"$3,250,000",,,,,,,,,,,,,,,,,,,
Noah Brown,WR,WAS,"$3,250,000",,,,,,,,,,,,,,,,,,,
Travis Etienne,RB,JAX,"$3,224,528",,,,,,,,,,,,,,,,,,,
Blake Brandel,LT,MIN,"$3,166,667",,,,,,,,,,,,,,,,,,,
Ricky Pearsall,WR,SF,"$3,134,600",,,,,,,,,,,,,,,,,,,
Cooper Rush,QB,BAL,"$3,100,000",0,52.0,0.0,7.7,41.5,75.8,48.8,28.1,1.89,2.02,-0.54,-25.05,-5.58,6.57,2.6,6.4,18,17,74
Rashid Shaheed,WR,SEA,"$3,092,500",,,,,,,,,,,,,,,,,,,
Xavier Legette,WR,CAR,"$3,089,294",,,,,,,,,,,,,,,,,,,
Teven Jenkins,RG,CLE,"$3,050,000",,,,,,,,,,,,,,,,,,,
Keenan Allen,WR,LAC,"$3,020,000",,,,,,,,,,,,,,,,,,,
Jimmy Garoppolo,QB,LAR,"$3,005,000",,,,,,,,,,,0.0,0.0,0.0,0.0,0.0,,,,
Justice Hill,RB,BAL,"$3,000,000",,,,,,,,,,,,,,,,,,,
Tyler Conklin,TE,LAC,"$3,000,000",,,,,,,,,,,,,,,,,,,
David Edwards,LG,BUF,"$3,000,000",,,,,,,,,,,,,,,,,,,
Javonte Williams,RB,DAL,"$3,000,000",,,,,,,,,,,,,,,,,,,
Austin Corbett,RG,CAR,"$3,000,000",,,,,,,,,,,,,,,,,,,
Cody Ford,RG,CIN,"$3,000,000",,,,,,,,,,,,,,,,,,,
Nick Westbrook-Ikhine,WR,MIA,"$2,995,000",,,,,,,,,,,,,,,,,,,
Jayden Higgins,WR,HOU,"$2,925,206",,,,,,,,,,,,,,,,,,,
Kyle Hinton,RG,ATL,"$2,875,000",,,,,,,,,,,,,,,,,,,
Quinshon Judkins,RB,CLE,"$2,850,530",,,,,,,,,,,,,,,,,,,
Jonah Savaiinaea,LT,MIA,"$2,830,618",,,,,,,,,,,,,,,,,,,
Brady Christensen,LG,CAR,"$2,787,500",,,,,,,,,,,,,,,,,,,
TreVeyon Henderson,RB,NE,"$2,785,815",,,,,,,,,,,,,,,,,,,
Rico Dowdle,RB,CAR,"$2,750,000",,,,,,,,,,,,,,,,,,,
Johnny Mundt,TE,JAX,"$2,750,000",,,,,,,,,,,,,,,,,,,
KhaDarel Hodge,WR,ATL,"$2,750,000",,,,,,,,,,,,,,,,,,,
Josh Reynolds,WR,NYJ,"$2,750,000",,,,,,,,,,,,,,,,,,,
Noah Fant,TE,CIN,"$2,750,000",,,,,,,,,,,,,,,,,,,
Luther Burden,WR,CHI,"$2,741,009",,,,,,,,,,,,,,,,,,,
Tyler Shough,QB,NO,"$2,701,182",3,216.0,2.8,2.3,45.0,185.5,85.9,46.3,9.24,5.22,-0.04,-10.55,-1.59,8.44,2.56,8.1,16.1,20,76.8
Mitchell Trubisky,QB,BUF,"$2,625,000",nan,6.0,0.0,0.0,50.0,18.0,81.2,96.2,0.0,9.0,-0.06,3.25,-3.89,9.33,2.39,9.3,16.7,0,83.3
Mason Taylor,TE,NYJ,"$2,616,548",,,,,,,,,,,,,,,,,,,
Cordell Volson,LG,CIN,"$2,600,000",,,,,,,,,,,,,,,,,,,
Keon Coleman,WR,BUF,"$2,518,565",,,,,,,,,,,,,,,,,,,
Jamal Agnew,WR,ATL,"$2,500,000",,,,,,,,,,,,,,,,,,,
Elijah Mitchell,RB,KC,"$2,500,000",,,,,,,,,,,,,,,,,,,
Durham Smythe,TE,CHI,"$2,500,000",,,,,,,,,,,,,,,,,,,
D.J. Humphries,LT,LAR,"$2,500,000",,,,,,,,,,,,,,,,,,,
Nick Chubb,RB,HOU,"$2,500,000",,,,,,,,,,,,,,,,,,,
Hunter Long,TE,JAX,"$2,500,000",,,,,,,,,,,,,,,,,,,
Ty Johnson,RB,BUF,"$2,500,000",,,,,,,,,,,,,,,,,,,
Justin Watson,WR,HOU,"$2,500,000",,,,,,,,,,,,,,,,,,,
Tim Patrick,WR,JAX,"$2,500,000",,,,,,,,,,,,,,,,,,,
Larry Borom,RT,MIA,"$2,500,000",,,,,,,,,,,,,,,,,,,
Allen Lazard,WR,NYJ,"$2,500,000",,,,,,,,,,,,,,,,,,,
Drew Lock,QB,SEA,"$2,500,000",nan,3.0,0.0,0.0,33.3,3.0,78.5,4.6,0.0,5.0,-0.21,-0.89,-0.97,1.67,2.73,1.7,0,0,100
Ladd McConkey,WR,LAC,"$2,498,797",,,,,,,,,,,,,,,,,,,
Terrance Ferguson,TE,LAR,"$2,428,367",,,,,,,,,,,,,,,,,,,
Ja'Lynn Polk,WR,NO,"$2,423,686",,,,,,,,,,,,,,,,,,,
Zay Jones,WR,ARI,"$2,400,000",,,,,,,,,,,,,,,,,,,
Will Levis,QB,TEN,"$2,385,541",,,,,,,,,,,,,,,,,,,
Sam LaPorta,TE,DET,"$2,366,500",,,,,,,,,,,,,,,,,,,
Michael Mayer,TE,LV,"$2,328,410",,,,,,,,,,,,,,,,,,,
Landon Young,RT,NO,"$2,327,500",,,,,,,,,,,,,,,,,,,
Steve Avila,LG,LAR,"$2,313,177",,,,,,,,,,,,,,,,,,,
Aireontae Ersery,LT,HOU,"$2,302,912",,,,,,,,,,,,,,,,,,,
Spencer Burford,RG,SF,"$2,275,000",,,,,,,,,,,,,,,,,,,
Breece Hall,RB,NYJ,"$2,253,692",,,,,,,,,,,,,,,,4,0,0,100
Case Keenum,QB,CHI,"$2,250,000",,,,,,,,,,,,,,,,,,,
Nick Mullens,QB,JAX,"$2,250,000",nan,1.0,0.0,0.0,,0.8,79.2,1.3,0.0,3.0,-0.3,-0.54,-2.46,-2.0,2.28,-2,0,100,100
Dillon Radunz,RT,NO,"$2,250,000",,,,,,,,,,,,,,,,,,,
Matthew Bergeron,LG,ATL,"$2,244,621",,,,,,,,,,,,,,,,,,,
Bennett Skowronek,WR,PIT,"$2,237,500",,,,,,,,,,,,,,,,,,,
Liam Eichenberg,C,MIA,"$2,225,000",,,,,,,,,,,,,,,,,,,
Jonathan Mingo,WR,DAL,"$2,214,152",,,,,,,,,,,,,,,,,,,
Elijah Arroyo,TE,SEA,"$2,203,343",,,,,,,,,,,,,,,,,,,
Mo Alie-Cox,TE,IND,"$2,200,000",,,,,,,,,,,,,,,,,,,
Jackson Powers-Johnson,RG,LV,"$2,191,941",,,,,,,,,,,,,,,,,,,
Will Hernandez,RG,ARI,"$2,170,000",,,,,,,,,,,,,,,,,,,
Luke Musgrave,TE,GB,"$2,118,936",,,,,,,,,,,,,,,,,,,
Kenneth Walker III,RB,SEA,"$2,110,395",,,,,,,,,,,,,,,,,,,
Jonathon Brooks,RB,CAR,"$2,104,271",,,,,,,,,,,,,,,,,,,
Tylan Wallace,WR,BAL,"$2,100,000",,,,,,,,,,,,,,,,,,,
Lucas Patrick,RG,CIN,"$2,100,000",,,,,,,,,,,,,,,,,,,
Joe Tippmann,C,NYJ,"$2,089,901",,,,,,,,,,,,,,,,,,,
J.K. Dobbins,RB,DEN,"$2,065,000",,,,,,,,,,,,,,,,,,,
Trent Brown,RT,HOU,"$2,050,000",,,,,,,,,,,,,,,,,,,
Wan'Dale Robinson,WR,NYG,"$2,046,292",,,,,,,,,,,,,,,,,,,
John Metchie III,WR,NYJ,"$2,017,544",,,,,,,,,,,,,,,,,,,
Anthony Belton,LT,GB,"$2,004,207",,,,,,,,,,,,,,,,,,,
Calvin Anderson,LT,PIT,"$2,000,000",,,,,,,,,,,,,,,,,,,
Hunter Renfrow,WR,CAR,"$2,000,000",,,,,,,,,,,,,,,,,,,
Rondale Moore,WR,MIN,"$2,000,000",,,,,,,,,,,,,,,,,,,
Trey Lance,QB,LAC,"$2,000,000",nan,13.0,0.0,0.0,40.0,30.0,75.8,20.7,13.33,5.2,-0.43,-7.97,-1.93,11.67,2.8,10.8,8.3,17.6,66.7
Yosuah Nijman,LT,CAR,"$2,000,000",,,,,,,,,,,,,,,,,,,
Joseph Noteboom,LT,BAL,"$2,000,000",,,,,,,,,,,,,,,,,,,
Justin Skule,LT,MIN,"$2,000,000",,,,,,,,,,,,,,,,,,,
Darren Waller,TE,MIA,"$2,000,000",,,,,,,,,,,,,,,,,,,
Josh Myers,C,NYJ,"$2,000,000",,,,,,,,,,,,,,,,,,,
Tre Harris,WR,LAC,"$1,954,423",,,,,,,,,,,,,,,,,,,
Ozzy Trapilo,RT,CHI,"$1,929,536",,,,,,,,,,,,,,,,,,,
Tate Ratledge,RG,DET,"$1,914,595",,,,,,,,,,,,,,,,,,,
Jack Bech,WR,LV,"$1,889,706",,,,,,,,,,,,,,,,,,,
Zach Frazier,C,PIT,"$1,886,054",,,,,,,,,,,,,,,,,,,
Cody Mauch,RT,TB,"$1,871,368",,,,,,,,,,,,,,,,,,,
Adonai Mitchell,WR,NYJ,"$1,846,522",,,,,,,,,,,,,,,,,,,
R.J. Harvey,RB,DEN,"$1,839,919",,,,,,,,,,,,,,,,,,,
Ben Sinnott,TE,WAS,"$1,806,988",,,,,,,,,,,,,,,,,,,
Braxton Berrios,WR,HOU,"$1,800,000",,,,,,,,,,,,,,,,,,,
Dare Ogunbowale,RB,HOU,"$1,800,000",,,,,,,,,,,,,,,,,,,
Samaje Perine,RB,CIN,"$1,800,000",,,,,,,,,,,,,,,,,,,
Jayden Reed,WR,GB,"$1,795,195",,,,,,,,,,,,,,,,,,,
Kenneth Gainwell,RB,PIT,"$1,790,000",,,,,,,,,,,,,,,,,,,
Kendrick Bourne,WR,SF,"$1,765,000",,,,,,,,,,,,,,,,,,,
Travis Homer,RB,CHI,"$1,750,000",,,,,,,,,,,,,,,,,,,
Kylen Granson,TE,PHI,"$1,750,000",,,,,,,,,,,,,,,,,,,
Jerome Ford,RB,CLE,"$1,750,000",,,,,,,,,,,,,,,,,,,
Patrick Paul,LT,MIA,"$1,727,924",,,,,,,,,,,,,,,,,,,
Brevin Jordan,TE,HOU,"$1,720,000",,,,,,,,,,,,,,,,,,,
Zach Charbonnet,RB,SEA,"$1,719,020",,,,,,,,,,,,,,,,,,,
George Pickens,WR,DAL,"$1,688,047",,,,,,,,,,,,,,,,,,,
Harold Fannin Jr.,TE,CLE,"$1,685,722",,,,,,,,,,,,,,,,,,,
Kyle Williams,WR,NE,"$1,675,893",,,,,,,,,,,,,,,,,,,
Van Jefferson,WR,TEN,"$1,670,000",,,,,,,,,,,,,,,,,,,
Danny Pinter,RG,IND,"$1,667,500",,,,,,,,,,,,,,,,,,,
Isaac TeSlaa,WR,DET,"$1,666,113",,,,,,,,,,,,,,,,,,,
Alec Pierce,WR,IND,"$1,650,336",,,,,,,,,,,,,,,,,,,
Blake Fisher,RT,HOU,"$1,648,860",,,,,,,,,,,,,,,,,,,
Pat Bryant,WR,DEN,"$1,645,270",,,,,,,,,,,,,,,,,,,
Rashee Rice,WR,KC,"$1,623,805",,,,,,,,,,,,,,,,,,,
Jaylin Noel,WR,HOU,"$1,616,714",,,,,,,,,,,,,,,,,,,
Skyy Moore,WR,SF,"$1,612,627",,,,,,,,,,,,,,,,,,,
Roger Rosengarten,RT,BAL,"$1,609,329",,,,,,,,,,,,,,,,,,,
Kingsley Suamataia,LG,KC,"$1,605,377",,,,,,,,,,,,,,,,,,,
Dylan Fairchild,LG,CIN,"$1,605,294",,,,,,,,,,,,,,,,,,,
Raheem Mostert,RB,LV,"$1,600,000",,,,,,,,,,,,,,,,,,,
John Michael Schmitz,C,NYG,"$1,593,334",,,,,,,,,,,,,,,,,,,
Kaleb Johnson,RB,PIT,"$1,593,016",,,,,,,,,,,,,,,,,,,
Savion Williams,WR,GB,"$1,573,114",,,,,,,,,,,,,,,,,,,
Charlie Heck,RT,TB,"$1,570,000",,,,,,,,,,,,,,,,,,,
Wyatt Milum,LT,JAX,"$1,569,326",,,,,,,,,,,,,,,,,,,
Emery Jones Jr.,RT,BAL,"$1,568,380",,,,,,,,,,,,,,,,,,,
Luke Schoonmaker,TE,DAL,"$1,566,670",,,,,,,,,,,,,,,,,,,
Jalen Milroe,QB,SEA,"$1,566,022",,,,,,,,,,,-2.15,0.0,-6.44,0.0,0.0,,,,
Dillon Gabriel,QB,CLE,"$1,556,581",1,185.0,3.8,1.1,33.0,104.1,80.8,31.2,8.87,4.25,-0.2,-43.95,0.43,5.96,2.56,5.8,19.3,20,70.7
O'Cyrus Torrence,RG,BUF,"$1,555,245",,,,,,,,,,,,,,,,,,,
Jared Wilson,C,NE,"$1,551,858",,,,,,,,,,,,,,,,,,,
Tai Felton,WR,MIN,"$1,540,296",,,,,,,,,,,,,,,,,,,
Charles Grant,LT,LV,"$1,540,296",,,,,,,,,,,,,,,,,,,
Caleb Rogers,RT,LV,"$1,540,296",,,,,,,,,,,,,,,,,,,
Brenton Strange,TE,JAX,"$1,528,586",,,,,,,,,,,,,,,,,,,
Juice Scruggs,C,HOU,"$1,524,777",,,,,,,,,,,,,,,,,,,
Ian Thomas,TE,LV,"$1,524,500",,,,,,,,,,,,,,,,,,,
Marvin Mims,WR,DEN,"$1,517,159",,,,,,,,,,,,,,,,,,,
Trey Benson,RB,ARI,"$1,514,902",,,,,,,,,,,,,,,,,,,
Brandon Coleman,LT,WAS,"$1,514,556",,,,,,,,,,,,,,,,,,,
Caedan Wallace,LT,NE,"$1,510,826",,,,,,,,,,,,,,,,,,,
Kene Nwangwu,RB,NYJ,"$1,500,000",,,,,,,,,,,,,,,,,,,
Olamide Zaccheaus,WR,CHI,"$1,500,000",,,,,,,,,,,,,,,,,,,
John FitzPatrick,TE,GB,"$1,500,000",,,,,,,,,,,,,,,,,,,
Luke Fortner,C,NO,"$1,500,000",,,,,,,,,,,,,,,,,,,
Sterling Shepard,WR,TB,"$1,500,000",,,,,,,,,,,,,,,,,,,
Kareem Hunt,RB,KC,"$1,500,000",,,,,,,,,,,,,,,,,,,
Storm Norton,RT,ATL,"$1,500,000",,,,,,,,,,,,,,,,,,,
Ed Ingram,RG,HOU,"$1,499,494",,,,,,,,,,,,,,,,,,,
Isaiah Adams,LG,ARI,"$1,493,695",,,,,,,,,,,,,,,,,,,
Cooper Beebe,C,DAL,"$1,484,930",,,,,,,,,,,,,,,,,,,
Kiran Amegadjie,LT,CHI,"$1,478,581",,,,,,,,,,,,,,,,,,,
Delmar Glaze,RT,LV,"$1,466,448",,,,,,,,,,,,,,,,,,,
Matt Goncalves,LT,IND,"$1,459,760",,,,,,,,,,,,,,,,,,,
Christian Haynes,RG,SEA,"$1,450,692",,,,,,,,,,,,,,,,,,,
Tip Reiman,TE,ARI,"$1,447,478",,,,,,,,,,,,,,,,,,,
Blake Corum,RB,LAR,"$1,440,941",,,,,,,,,,,,,,,,,,,
Feleipe Franks,TE,ATL,"$1,440,000",,,,,,,,,,,,,,,,,,,
Tyler Steen,RT,PHI,"$1,437,610",,,,,,,,,,,,,,,,,,,
Roman Wilson,WR,PIT,"$1,436,292",,,,,,,,,,,,,,,,,,,
Zak Zinter,LG,CLE,"$1,433,685",,,,,,,,,,,,,,,,,,,
Dominick Puni,RG,SF,"$1,425,137",,,,,,,,,,,,,,,,,,,
Kendall Lamm,RT,MIA,"$1,425,000",,,,,,,,,,,,,,,,,,,
Carson Wentz,QB,MIN,"$1,422,500",2,169.0,3.6,3.0,45.2,243.2,85.8,44.0,10.11,5.24,0.01,5.25,-3.25,8.0,2.57,7.7,19.9,23.9,73.9
Chris Manhertz,TE,NYG,"$1,422,500",,,,,,,,,,,,,,,,,,,
Brandon Allen,QB,TEN,"$1,422,500",,,,,,,,,,,,,,,,,,,
JuJu Smith-Schuster,WR,KC,"$1,422,500",,,,,,,,,,,,,,,,,,,
Andrus Peat,LT,PIT,"$1,422,500",,,,,,,,,,,,,,,,,,,
Will Clapp,C,NO,"$1,422,500",,,,,,,,,,,,,,,,,,,
Elijah Wilkinson,LG,ATL,"$1,422,500",,,,,,,,,,,,,,,,,,,
David Moore,WR,CAR,"$1,422,500",,,,,,,,,,,,,,,,,,,
Trenton Scott,RT,WAS,"$1,422,500",,,,,,,,,,,,,,,,,,,
Josh Johnson,QB,WAS,"$1,422,500",,,,,,,,,,,-0.48,-4.52,-0.78,2.88,2.91,2.6,25,30,75
DeAndre Carter,WR,CLE,"$1,422,500",,,,,,,,,,,,,,,,,,,
Tank Dell,WR,HOU,"$1,422,276",,,,,,,,,,,,,,,,,,,
MarShawn Lloyd,RB,GB,"$1,422,130",,,,,,,,,,,,,,,,,,,
Jalen McMillan,WR,TB,"$1,415,756",,,,,,,,,,,,,,,,,,,
Kendre Miller,RB,NO,"$1,413,578",,,,,,,,,,,,,,,,,,,
Jalin Hyatt,WR,NYG,"$1,406,329",,,,,,,,,,,,,,,,,,,
Cedric Tillman,WR,CLE,"$1,402,616",,,,,,,,,,,,,,,,,,,
Kayode Awosika,RT,DET,"$1,400,000",,,,,,,,,,,,,,,,,,,
Luke McCaffrey,WR,WAS,"$1,399,078",,,,,,,,,,,,,,,,,,,
Austin Schlottmann,C,NYG,"$1,397,500",,,,,,,,,,,,,,,,,,,
Tucker Kraft,TE,GB,"$1,384,483",,,,,,,,,,,,,,,,,,,
Josh Downs,WR,IND,"$1,380,114",,,,,,,,,,,,,,,,,,,
Tyjae Spears,RB,TEN,"$1,372,651",,,,,,,,,,,,,,,,,,,
Joshua Ezeudu,LT,NYG,"$1,371,381",,,,,,,,,,,,,,,,,,,
Devon Achane,RB,MIA,"$1,359,363",,,,,,,,,,,,,,,,,,,
Matt Pryor,RG,PHI,"$1,355,000",,,,,,,,,,,,,,,,,,,
Chimere Dike,WR,TEN,"$1,350,238",,,,,,,,,,,,,,,,,,,
Stone Smartt,TE,NYJ,"$1,350,000",,,,,,,,,,,,,,,,,,,
Tank Bigsby,RB,PHI,"$1,348,230",,,,,,,,,,,,,,,,,,,
Wanya Morris,LT,KC,"$1,342,088",,,,,,,,,,,,,,,,,,,
Darnell Washington,TE,PIT,"$1,338,478",,,,,,,,,,,,,,,,,,,
Aaron Stinnie,LG,NYG,"$1,337,500",,,,,,,,,,,,,,,,,,,
Chukwuma Okorafor,RT,NYJ,"$1,337,500",,,,,,,,,,,,,,,,,,,
Ben Bartch,LT,SF,"$1,337,500",,,,,,,,,,,,,,,,,,,
Dalton Risner,LG,CIN,"$1,337,500",,,,,,,,,,,,,,,,,,,
Alexander Mattison,RB,MIA,"$1,337,500",,,,,,,,,,,,,,,,,,,
A.J. Dillon,RB,PHI,"$1,337,500",,,,,,,,,,,,,,,,,,,
Scott Miller,WR,PIT,"$1,337,500",,,,,,,,,,,,,,,,,,,
Jeremy McNichols,RB,WAS,"$1,337,500",,,,,,,,,,,,,,,,,,,
Miles Sanders,RB,DAL,"$1,337,500",,,,,,,,,,,,,,,,,,,
Andrew Beck,TE,NYJ,"$1,337,500",,,,,,,,,,,,,,,,,,,
Fred Johnson,RG,PHI,"$1,337,500",,,,,,,,,,,,,,,,,,,
Michael Wilson,WR,ARI,"$1,334,866",,,,,,,,,,,,,,,,,,,
David Quessenberry,RT,LAR,"$1,330,000",,,,,,,,,,,,,,,,,,,
Bhayshul Tuten,RB,JAX,"$1,329,063",,,,,,,,,,,,,,,,,,,
Tre Tucker,WR,LV,"$1,326,021",,,,,,,,,,,,,,,,,,,
Blake Hance,RT,TEN,"$1,320,000",,,,,,,,,,,,,,,,,,,
Cam Skattebo,RB,NYG,"$1,318,260",,,,,,,,,,,,,,,,,,,
Dont'e Thornton Jr.,WR,LV,"$1,312,725",,,,,,,,,,,,,,,,,,,
Arian Smith,WR,NYJ,"$1,310,413",,,,,,,,,,,,,,,,,,,
Trevor Etienne,RB,CAR,"$1,302,186",,,,,,,,,,,,,,,,,,,
Woody Marks,RB,HOU,"$1,300,942",,,,,,,,,,,,,,,,,,,
Eric Saubert,TE,SEA,"$1,300,000",,,,,,,,,,,,,,,,,,,
Jarquez Hunter,RB,LAR,"$1,299,695",,,,,,,,,,,,,,,,,,,
Gunnar Helm,TE,TEN,"$1,293,227",,,,,,,,,,,,,,,,,,,
Malik Willis,QB,GB,"$1,290,025",nan,3.0,33.3,0.0,100.0,6.5,124.3,100.0,0.0,11.0,0.43,9.99,2.57,6.71,2.25,6.7,7.1,20,85.7
Jalen Tolbert,WR,DAL,"$1,283,930",,,,,,,,,,,,,,,,,,,
Dylan Parham,LG,LV,"$1,282,858",,,,,,,,,,,,,,,,,,,
Dylan Sampson,RB,CLE,"$1,282,641",,,,,,,,,,,,,,,,,,,
Rachaad White,RB,TB,"$1,282,500",,,,,,,,,,,,,,,,,,,
Sean Rhyan,LT,GB,"$1,280,714",,,,,,,,,,,,,,,,,,,
Jalen Travis,LT,IND,"$1,280,317",,,,,,,,,,,,,,,,,,,
Jaylin Lane,WR,WAS,"$1,278,460",,,,,,,,,,,,,,,,,,,
Kyle Allen,QB,DET,"$1,270,000",nan,2.0,0.0,0.0,,0.0,39.6,4.9,0.0,0.0,-0.27,-1.36,0.0,5.0,2.32,5,0,0,100
D'Wayne Eskridge,WR,MIA,"$1,270,000",,,,,,,,,,,,,,,,,,,
Jack Stoll,TE,NO,"$1,270,000",,,,,,,,,,,,,,,,,,,
Jalen Royals,WR,KC,"$1,266,800",,,,,,,,,,,,,,,,,,,
Jeremy Ruckert,TE,NYJ,"$1,261,226",,,,,,,,,,,,,,,,,,,
Brian Robinson Jr.,RB,SF,"$1,261,226",,,,,,,,,,,,,,,,,,,
Ja'Tavion Sanders,TE,CAR,"$1,261,059",,,,,,,,,,,,,,,,,,,
Pharaoh Brown,TE,ARI,"$1,255,000",,,,,,,,,,,,,,,,,,,
Ameer Abdullah,RB,IND,"$1,255,000",,,,,,,,,,,,,,,,,,,
Bobby Hart,RT,LAC,"$1,255,000",,,,,,,,,,,,,,,,,,,
Tanner Hudson,TE,CIN,"$1,255,000",,,,,,,,,,,,,,,,,,,
Nick Vannett,TE,LAR,"$1,255,000",,,,,,,,,,,,,,,,,,,
Dan Feeney,LG,TB,"$1,255,000",,,,,,,,,,,,,,,,,,,
Corey Levin,C,TEN,"$1,255,000",,,,,,,,,,,,,,,,,,,
Philip Rivers,QB,IND,"$1,255,000",0,27.0,3.7,3.7,35.7,120.0,73.1,52.5,3.57,3.32,-0.01,0.35,-1.15,7.82,2.35,7.3,14.8,16.9,68.9
Teddy Bridgewater,QB,TB,"$1,255,000",nan,15.0,0.0,0.0,17.6,15.5,63.7,8.2,11.76,2.41,-0.63,-12.5,-0.02,7.0,2.22,6.5,28.6,22.2,57.1
Robert Tonyan,TE,KC,"$1,255,000",,,,,,,,,,,,,,,,,,,
Germain Ifedi,RT,MIA,"$1,255,000",,,,,,,,,,,,,,,,,,,
Laquon Treadwell,WR,IND,"$1,255,000",,,,,,,,,,,,,,,,,,,
Brandin Cooks,WR,BUF,"$1,255,000",,,,,,,,,,,,,,,,,,,
George Fant,LT,WAS,"$1,255,000",,,,,,,,,,,,,,,,,,,
Geron Christian,LT,DEN,"$1,255,000",,,,,,,,,,,,,,,,,,,
Tyler Lockett,WR,LV,"$1,255,000",,,,,,,,,,,,,,,,,,,
Troy Franklin,WR,DEN,"$1,222,459",,,,,,,,,,,,,,,,,,,
Trystan Colon,C,DET,"$1,220,000",,,,,,,,,,,,,,,,,,,
Elic Ayomanor,WR,TEN,"$1,216,454",,,,,,,,,,,,,,,,,,,
Jordan Watkins,WR,SF,"$1,216,454",,,,,,,,,,,,,,,,,,,
Theo Johnson,TE,NYG,"$1,212,859",,,,,,,,,,,,,,,,,,,
Devontez Walker,WR,BAL,"$1,204,463",,,,,,,,,,,,,,,,,,,
Erick All,TE,CIN,"$1,203,276",,,,,,,,,,,,,,,,,,,
Tanor Bortolini,C,IND,"$1,199,968",,,,,,,,,,,,,,,,,,,
Mason McCormick,LG,PIT,"$1,196,224",,,,,,,,,,,,,,,,,,,
Jaylen Wright,RB,MIA,"$1,195,005",,,,,,,,,,,,,,,,,,,
A.J. Barner,TE,SEA,"$1,193,777",,,,,,,,,,,,,,,,,,,
Cade Stover,TE,HOU,"$1,189,734",,,,,,,,,,,,,,,,,,,
Bucky Irving,RB,TB,"$1,187,888",,,,,,,,,,,,,,,,,,,
Giovanni Manu,LT,DET,"$1,186,414",,,,,,,,,,,,,,,,,,,
Nick Saldiveri,LG,NO,"$1,186,320",,,,,,,,,,,,,,,,,,,
Will Shipley,RB,PHI,"$1,184,241",,,,,,,,,,,,,,,,,,,
Ray Davis,RB,BUF,"$1,183,297",,,,,,,,,,,,,,,,,,,
Isaac Guerendo,RB,SF,"$1,181,132",,,,,,,,,,,,,,,,,,,
Jared Wiley,TE,KC,"$1,177,155",,,,,,,,,,,,,,,,,,,
Simi Fehoko,WR,ARI,"$1,170,000",,,,,,,,,,,,,,,,,,,
Harrison Bryant,TE,HOU,"$1,170,000",,,,,,,,,,,,,,,,,,,
Devin Duvernay,WR,CHI,"$1,170,000",,,,,,,,,,,,,,,,,,,
James Proche,WR,TEN,"$1,170,000",,,,,,,,,,,,,,,,,,,
Easton Stick,QB,ATL,"$1,170,000",,,,,,,,,,,,,,,,,,,
Matt Nelson,LT,MIN,"$1,170,000",,,,,,,,,,,,,,,,,,,
Daniel Brunskill,RG,MIA,"$1,170,000",,,,,,,,,,,,,,,,,,,
Anthony Firkser,TE,DET,"$1,170,000",,,,,,,,,,,,,,,,,,,
Gabriel Davis,WR,BUF,"$1,170,000",,,,,,,,,,,,,,,,,,,
D'Ernest Johnson,RB,NE,"$1,170,000",,,,,,,,,,,,,,,,,,,
Trayveon Williams,RB,CLE,"$1,170,000",,,,,,,,,,,,,,,,,,,
Chase Edmonds,RB,WAS,"$1,170,000",,,,,,,,,,,,,,,,,,,
John Wolford,QB,MIN,"$1,170,000",,,,,,,,,,,,,,,,,,,
Brett Rypien,QB,IND,"$1,170,000",nan,0.0,,,,0.0,,0.0,100.0,-2.0,,,,,,,,,
Dante Pettis,WR,NO,"$1,170,000",,,,,,,,,,,,,,,,,,,
Mecole Hardman,WR,BUF,"$1,170,000",,,,,,,,,,,,,,,,,,,
Michael Carter,RB,ARI,"$1,170,000",,,,,,,,,,,,,,,,,,,
Josiah Deguara,TE,ARI,"$1,170,000",,,,,,,,,,,,,,,,,,,
Lil'Jordan Humphrey,WR,DEN,"$1,170,000",,,,,,,,,,,,,,,,,,,
Tyler Huntley,QB,BAL,"$1,170,000",1,37.0,2.7,0.0,41.9,84.7,100.5,85.1,13.95,5.65,0.03,-4.23,6.02,7.59,2.52,7.3,15.2,25.4,82.6
Gunner Olszewski,WR,NYG,"$1,170,000",,,,,,,,,,,,,,,,13,0,100,100
Michael Jordan,LG,TB,"$1,170,000",,,,,,,,,,,,,,,,,,,
Max Scharping,RG,PIT,"$1,170,000",,,,,,,,,,,,,,,,,,,
Calvin Throckmorton,RG,DEN,"$1,170,000",,,,,,,,,,,,,,,,,,,
Dan Skipper,LT,DET,"$1,170,000",,,,,,,,,,,,,,,,,,,
Stone Forsythe,LT,LV,"$1,170,000",,,,,,,,,,,,,,,,,,,
Khalil Herbert,RB,NYJ,"$1,170,000",,,,,,,,,,,,,,,,,,,
Cedrick Wilson Jr.,WR,MIA,"$1,170,000",,,,,,,,,,,,,,,,,,,
Hakeem Adeniji,LT,DAL,"$1,170,000",,,,,,,,,,,,,,,,,,,
Jake Curhan,RT,CAR,"$1,170,000",,,,,,,,,,,,,,,,,,,
Tyler Johnson,WR,NYJ,"$1,170,000",,,,,,,,,,,,,,,,,,,
Olisaemeka Udoh,LT,TEN,"$1,170,000",,,,,,,,,,,,,,,,,,,
Ben Cleveland,RG,BAL,"$1,170,000",,,,,,,,,,,,,,,,,,,
Patrick Taylor,RB,SF,"$1,170,000",,,,,,,,,,,,,,,,,,,
Andre James,C,LAC,"$1,170,000",,,,,,,,,,,,,,,,,,,
Donald Parham,TE,PIT,"$1,170,000",,,,,,,,,,,,,,,,,,,
Gardner Minshew,QB,KC,"$1,170,000",,,,,,,,,,,-0.37,-6.41,-0.57,6.18,2.54,,,,
Trent Taylor,WR,SF,"$1,170,000",,,,,,,,,,,,,,,,,,,
Salvon Ahmed,RB,IND,"$1,170,000",,,,,,,,,,,,,,,,,,,
Carson Vinson,LT,BAL,"$1,167,399",,,,,,,,,,,,,,,,,,,
Blake Freeland,LT,IND,"$1,163,972",,,,,,,,,,,,,,,,,,,
Jake Andrews,C,HOU,"$1,162,086",,,,,,,,,,,,,,,,,,,
Shedeur Sanders,QB,CLE,"$1,161,845",1,138.0,3.6,4.3,33.8,189.2,68.1,16.9,8.61,4.4,-0.24,-55.03,8.08,7.55,3.1,6.8,17.3,42.1,71.3
Anthony Bradford,RG,SEA,"$1,160,997",,,,,,,,,,,,,,,,,,,
Jordan James,RB,SF,"$1,159,921",,,,,,,,,,,,,,,,,,,
Dawand Jones,RT,CLE,"$1,158,084",,,,,,,,,,,,,,,,,,,
Britain Covey,WR,PHI,"$1,157,500",,,,,,,,,,,,,,,,,,,
Deven Thompkins,WR,ATL,"$1,157,500",,,,,,,,,,,,,,,,,,,
Jaydon Blue,RB,DAL,"$1,156,767",,,,,,,,,,,,,,,,,,,
DJ Giddens,RB,IND,"$1,156,186",,,,,,,,,,,,,,,,,,,
Jalen Rivers,LT,CIN,"$1,155,247",,,,,,,,,,,,,,,,,,,
Marcus Mbow,RT,NYG,"$1,154,596",,,,,,,,,,,,,,,,,,,
Chandler Zavala,RG,CAR,"$1,152,934",,,,,,,,,,,,,,,,,,,
Roschon Johnson,RB,CHI,"$1,152,172",,,,,,,,,,,,,,,,,,,
KeAndre Lambert-Smith,WR,LAC,"$1,152,001",,,,,,,,,,,,,,,,,,,
Matt Hennessy,C,SF,"$1,150,000",,,,,,,,,,,,,,,,,,,
Mitchell Evans,TE,CAR,"$1,147,742",,,,,,,,,,,,,,,,,,,
Brett Toth,LT,PHI,"$1,147,500",,,,,,,,,,,,,,,,,,,
Oronde Gadsden II,TE,LAC,"$1,143,509",,,,,,,,,,,,,,,,,,,
Jon Gaines,LG,ARI,"$1,143,060",,,,,,,,,,,,,,,,,,,
Tory Horton,WR,SEA,"$1,141,260",,,,,,,,,,,,,,,,,,,
Jackson Slater,LG,TEN,"$1,140,153",,,,,,,,,,,,,,,,,,,
Drew Kendall,C,PHI,"$1,138,769",,,,,,,,,,,,,,,,,,,
Derius Davis,WR,LAC,"$1,137,982",,,,,,,,,,,,,,,,,,,
Sione Vaki,RB,DET,"$1,137,177",,,,,,,,,,,,,,,,,,,
Jacob Cowing,WR,SF,"$1,137,177",,,,,,,,,,,,,,,,,,,
Braelon Allen,RB,NYJ,"$1,137,177",,,,,,,,,,,,,,,,,,,
Stetson Bennett,QB,LAR,"$1,134,783",,,,,,,,,,,,,,,,,,,
Cade Otton,TE,TB,"$1,130,985",,,,,,,,,,,,,,,,,,,
Jackson Hawes,TE,BUF,"$1,130,054",,,,,,,,,,,,,,,,,,,
Miles Frazier,RG,DET,"$1,130,054",,,,,,,,,,,,,,,,,,,
Robbie Ouzts,TE,SEA,"$1,130,054",,,,,,,,,,,,,,,,,,,
Charlie Jones,WR,CIN,"$1,129,694",,,,,,,,,,,,,,,,,,,
Ollie Gordon II,RB,MIA,"$1,118,166",,,,,,,,,,,,,,,,,,,
Daniel Faalele,RG,BAL,"$1,115,085",,,,,,,,,,,,,,,,,,,
Max Mitchell,LG,NYJ,"$1,114,007",,,,,,,,,,,,,,,,,,,
Daniel Bellinger,TE,NYG,"$1,113,278",,,,,,,,,,,,,,,,,,,
Cameron Williams,RT,PHI,"$1,112,892",,,,,,,,,,,,,,,,,,,
Devin Neal,RB,NO,"$1,112,828",,,,,,,,,,,,,,,,,,,
Will Howard,QB,PIT,"$1,112,025",,,,,,,,,,,,,,,,,,,
Kalel Mullings,RB,TEN,"$1,109,627",,,,,,,,,,,,,,,,,,,
Riley Leonard,QB,IND,"$1,108,811",nan,31.0,0.0,3.2,31.3,72.5,56.5,47.6,3.13,2.84,-0.2,-8.66,1.57,5.69,2.58,5.7,9.4,14.7,62.5
Myles Hinton,LT,PHI,"$1,108,316",,,,,,,,,,,,,,,,,,,
Bryce Cabeldue,RT,SEA,"$1,108,065",,,,,,,,,,,,,,,,,,,
Tahj Brooks,RB,CIN,"$1,107,714",,,,,,,,,,,,,,,,,,,
Luke Newman,LG,CHI,"$1,107,515",,,,,,,,,,,,,,,,,,,
Graham Mertz,QB,HOU,"$1,107,121",,,,,,,,,,,,,,,,,,,
Gavin Bartholomew,TE,MIN,"$1,103,956",,,,,,,,,,,,,,,,,,,
LaJohntay Wester,WR,BAL,"$1,103,717",,,,,,,,,,,,,,,,,,,
Ajani Cornelius,RT,DAL,"$1,103,494",,,,,,,,,,,,,,,,,,,
Chase Lundt,RT,BUF,"$1,101,231",,,,,,,,,,,,,,,,,,,
Zamir White,RB,LV,"$1,100,981",,,,,,,,,,,,,,,,,,,
Xavier Newman-Johnson,RG,NYJ,"$1,100,000",,,,,,,,,,,,,,,,,,,
Thayer Munford,RT,NE,"$1,100,000",,,,,,,,,,,,,,,,,,,
Tom Kennedy,WR,DET,"$1,100,000",,,,,,,,,,,,,,,,,,,
Lucas Niang,RT,WAS,"$1,100,000",,,,,,,,,,,,,,,,,,,
Cole Strange,LG,MIA,"$1,100,000",,,,,,,,,,,,,,,,,,,
Julius Chestnut,RB,TEN,"$1,100,000",,,,,,,,,,,,,,,,,,,
Isaiah Hodgins,WR,NYG,"$1,100,000",,,,,,,,,,,,,,,,,,,
Teagan Quitoriano,TE,ATL,"$1,100,000",,,,,,,,,,,,,,,,,,,
Skylar Thompson,QB,PIT,"$1,100,000",,,,,,,,,,,,,,,,,,,
Jamarco Jones,LT,DET,"$1,100,000",,,,,,,,,,,,,,,,,,,
Treylon Burks,WR,WAS,"$1,100,000",,,,,,,,,,,,,,,,,,,
Ronnie Rivers,RB,LAR,"$1,100,000",,,,,,,,,,,,,,,,,,,
Tyree Jackson,TE,WAS,"$1,100,000",,,,,,,,,,,,,,,,,,,
Tyquan Thornton,WR,KC,"$1,100,000",,,,,,,,,,,,,,,,,,,
Shane Zylstra,TE,DET,"$1,100,000",,,,,,,,,,,,,,,,,,,
David Sills,WR,ATL,"$1,100,000",,,,,,,,,,,,,,,,,,,
Quintin Morris,TE,JAX,"$1,100,000",,,,,,,,,,,,,,,,,,,
Brock Hoffman,RG,DAL,"$1,100,000",,,,,,,,,,,,,,,,,,,
Jimmy Horn Jr.,WR,CAR,"$1,098,860",,,,,,,,,,,,,,,,,,,
Darian Kinnard,RT,GB,"$1,097,500",,,,,,,,,,,,,,,,,,,
Sedrick Van Pran-Granger,C,BUF,"$1,093,813",,,,,,,,,,,,,,,,,,,
Hayden Conner,LG,ARI,"$1,093,570",,,,,,,,,,,,,,,,,,,
Anthony Gould,WR,IND,"$1,093,166",,,,,,,,,,,,,,,,,,,
Charlie Kolar,TE,BAL,"$1,091,220",,,,,,,,,,,,,,,,,,,
Spencer Rattler,QB,NO,"$1,089,120",1,257.0,3.1,1.9,43.3,176.2,86.5,50.3,6.55,5.15,-0.09,-36.24,9.59,8.29,2.54,7.9,11,17.5,74.7
Jack Nelson,LT,ATL,"$1,088,154",,,,,,,,,,,,,,,,,,,
Hassan Haskins,RB,LAC,"$1,088,052",,,,,,,,,,,,,,,,,,,
Andre Baccellia,WR,ARI,"$1,087,500",,,,,,,,,,,,,,,,,,,
Mason Kinsey,WR,TEN,"$1,087,500",,,,,,,,,,,,,,,,,,,
Malik Davis,RB,DAL,"$1,087,500",,,,,,,,,,,,,,,,,,,
Thomas Fidone II,TE,NYG,"$1,087,379",,,,,,,,,,,,,,,,,,,
Aidan O'Connell,QB,LV,"$1,087,345",,,,,,,,,,,,,,,,,,,
Marcus Bryant,LT,NE,"$1,087,082",,,,,,,,,,,,,,,,,,,
Jonah Monheim,C,JAX,"$1,086,077",,,,,,,,,,,,,,,,,,,
Romeo Doubs,WR,GB,"$1,085,979",,,,,,,,,,,,,,,,,,,
Hunter Nourzad,C,KC,"$1,084,879",,,,,,,,,,,,,,,,,,,
Kurtis Rourke,QB,SF,"$1,083,559",,,,,,,,,,,,,,,,,,,
Brashard Smith,RB,KC,"$1,083,369",,,,,,,,,,,,,,,,,,,
Quinn Ewers,QB,MIA,"$1,082,894",nan,8.0,0.0,0.0,30.0,53.0,81.8,25.5,20.0,3.3,-0.14,-1.67,-4.56,9.0,2.57,8.8,10.8,17.1,70.3
Christian Jones,RT,ARI,"$1,082,614",,,,,,,,,,,,,,,,,,,
Kyle Monangai,RB,CHI,"$1,082,035",,,,,,,,,,,,,,,,,,,
Mason Richman,LT,SEA,"$1,081,481",,,,,,,,,,,,,,,,,,,
Tez Johnson,WR,TB,"$1,080,985",,,,,,,,,,,,,,,,,,,
Jacob Monk,C,GB,"$1,080,404",,,,,,,,,,,,,,,,,,,
LeQuint Allen,RB,JAX,"$1,079,689",,,,,,,,,,,,,,,,,,,
Phil Mafah,RB,DAL,"$1,077,883",,,,,,,,,,,,,,,,,,,
Rasheen Ali,RB,BAL,"$1,077,467",,,,,,,,,,,,,,,,,,,
Konata Mumpfield,WR,LAR,"$1,077,134",,,,,,,,,,,,,,,,,,,
Dominic Lovett,WR,DET,"$1,076,693",,,,,,,,,,,,,,,,,,,
Tyrone Tracy Jr.,RB,NYG,"$1,076,588",,,,,,,,,,,,,,,,,,,
Jacory Croskey-Merritt,RB,WAS,"$1,076,357",,,,,,,,,,,,,,,,,,,
Connor Colby,RG,SF,"$1,075,418",,,,,,,,,,,,,,,,,,,
John Williams,LG,GB,"$1,075,418",,,,,,,,,,,,,,,,,,,
Trevor Keegan,LG,DAL,"$1,068,569",,,,,,,,,,,,,,,,,,,
Isaiah Davis,RB,NYJ,"$1,068,569",,,,,,,,,,,,,,,,,,,
Bub Means,WR,NO,"$1,068,569",,,,,,,,,,,,,,,,,,,
Walter Rouse,LT,MIN,"$1,061,648",,,,,,,,,,,,,,,,,,,
Malik Washington,WR,MIA,"$1,054,890",,,,,,,,,,,,,,,,,,,
Johnny Wilson,WR,PHI,"$1,054,252",,,,,,,,,,,,,,,,,,,
Casey Washington,WR,ATL,"$1,053,399",,,,,,,,,,,,,,,,,,,
Joe Milton III,QB,DAL,"$1,050,829",,,,,,,,,,,,,,,,,,,
Travis Glover,LT,GB,"$1,047,845",,,,,,,,,,,,,,,,,,,
Tylan Grable,LT,BUF,"$1,047,478",,,,,,,,,,,,,,,,,,,
Nick Gargiulo,RG,DEN,"$1,046,500",,,,,,,,,,,,,,,,,,,
Mike Jerrell,RT,ATL,"$1,045,015",,,,,,,,,,,,,,,,,,,
Dylan Laube,RB,LV,"$1,043,798",,,,,,,,,,,,,,,,,,,
Chigoziem Okonkwo,TE,TEN,"$1,041,084",,,,,,,,,,,,,,,,,,,
Calvin Austin III,WR,PIT,"$1,041,084",,,,,,,,,,,,,,,,,,,
Isaiah Likely,TE,BAL,"$1,041,084",,,,,,,,,,,,,,,,,,,
Colby Sorsdal,RG,DET,"$1,040,021",,,,,,,,,,,,,,,,,,,
Elijah Klein,LG,TB,"$1,039,597",,,,,,,,,,,,,,,,,,,
Beaux Limmer,C,LAR,"$1,039,597",,,,,,,,,,,,,,,,,,,
Christian Mahogany,RG,DET,"$1,039,597",,,,,,,,,,,,,,,,,,,
Jordan Whittington,WR,LAR,"$1,039,597",,,,,,,,,,,,,,,,,,,
Olusegun Oluwatimi,C,SEA,"$1,039,115",,,,,,,,,,,,,,,,,,,
Dontayvion Wicks,WR,GB,"$1,035,636",,,,,,,,,,,,,,,,,,,
Will Mallory,TE,IND,"$1,032,648",,,,,,,,,,,,,,,,,,,
Michael Jurgens,C,MIN,"$1,032,185",,,,,,,,,,,,,,,,,,,
Chase Brown,RB,CIN,"$1,031,539",,,,,,,,,,,,,,,,,,,
Nathan Thomas,LT,DAL,"$1,031,493",,,,,,,,,,,,,,,,,,,
DeVaughn Vele,WR,NO,"$1,031,120",,,,,,,,,,,,,,,,,,,
Matt Lee,C,CIN,"$1,030,438",,,,,,,,,,,,,,,,,,,
Tommy DeVito,QB,NE,"$1,030,000",,,,,,,,,,,,,,,,,,,
D.J. Montgomery,WR,IND,"$1,030,000",,,,,,,,,,,,,,,,,,,
Bo Melton,WR,GB,"$1,030,000",,,,,,,,,,,,,,,,,,,
Alex Bachman,WR,LV,"$1,030,000",,,,,,,,,,,,,,,,,,,
Tucker Fisk,TE,LAC,"$1,030,000",,,,,,,,,,,,,,,,,,,
Jordan Meredith,C,LV,"$1,030,000",,,,,,,,,,,,,,,,,,,
Irvin Charles,WR,NYJ,"$1,030,000",,,,,,,,,,,,,,,,,,,
Mike Caliendo,LG,KC,"$1,030,000",,,,,,,,,,,,,,,,,,,
Emanuel Wilson,RB,GB,"$1,030,000",,,,,,,,,,,,,,,,,,,
Brady Russell,TE,SEA,"$1,030,000",,,,,,,,,,,,,,,,,,,
Chris Rodriguez Jr.,RB,WAS,"$1,030,000",,,,,,,,,,,,,,,,,,,
Ryan McCollum,C,PIT,"$1,030,000",,,,,,,,,,,,,,,,,,,
Lucas Krull,TE,DEN,"$1,030,000",,,,,,,,,,,,,,,,,,,
Blake Whiteheart,TE,CLE,"$1,030,000",,,,,,,,,,,,,,,,,,,
Zonovan Knight,RB,ARI,"$1,030,000",,,,,,,,,,,,,,,,,,,
Cody White,WR,SEA,"$1,030,000",,,,,,,,,,,,,,,,,,,
Ryan Van Demark,RT,BUF,"$1,030,000",,,,,,,,,,,,,,,,,,,
Josh Whyle,TE,GB,"$1,030,000",,,,,,,,,,,,,,,,,,,
Keaontay Ingram,RB,KC,"$1,030,000",,,,,,,,,,,,,,,,,,,
Jake Tonges,TE,SF,"$1,030,000",,,,,,,,,,,,,,,,,,,
Alec Anderson,RT,BUF,"$1,030,000",,,,,,,,,,,,,,,,,,,
Ben Brown,C,NE,"$1,030,000",,,,,,,,,,,,,,,,,,,
Travis Vokolek,TE,ARI,"$1,030,000",,,,,,,,,,,,,,,,,,,
Greg Dulcich,TE,MIA,"$1,030,000",,,,,,,,,,,,,,,,,,,
James Mitchell,TE,CAR,"$1,030,000",,,,,,,,,,,,,,,,,,,
Yodny Cajuste,LT,MIA,"$1,030,000",,,,,,,,,,,,,,,,,,,
Yasir Durant,LT,NE,"$1,030,000",,,,,,,,,,,,,,,,,,,
Jovaughn Gwyn,LG,ATL,"$1,030,000",,,,,,,,,,,,,,,,,,,
Jordan McFadden,LG,CHI,"$1,030,000",,,,,,,,,,,,,,,,,,,
Tyler Goodson,RB,IND,"$1,030,000",,,,,,,,,,,,,,,,,,,
Tahj Washington,WR,MIA,"$1,027,599",,,,,,,,,,,,,,,,,,,
Devin Culp,TE,TB,"$1,026,546",,,,,,,,,,,,,,,,,,,
K.T. Leveston,LG,CLE,"$1,025,184",,,,,,,,,,,,,,,,,,,
Eric Gray,RB,NYG,"$1,021,245",,,,,,,,,,,,,,,,,,,
Payne Durham,TE,TB,"$1,021,245",,,,,,,,,,,,,,,,,,,
Warren McClendon,LT,LAR,"$1,021,245",,,,,,,,,,,,,,,,,,,
Davis Allen,TE,LAR,"$1,021,245",,,,,,,,,,,,,,,,,,,
Asim Richards,LG,NO,"$1,021,245",,,,,,,,,,,,,,,,,,,
Puka Nacua,WR,LAR,"$1,021,245",,,,,,,,,,,,,,,,,,,
Tyrell Shavers,WR,BUF,"$1,021,000",,,,,,,,,,,,,,,,,,,
Isaiah Williams,WR,NYJ,"$1,017,500",,,,,,,,,,,,,,,,6,0,0,100
Demontrey Jacobs,RT,ARI,"$1,017,500",,,,,,,,,,,,,,,,,,,
Terrell Jennings,RB,NE,"$1,017,500",,,,,,,,,,,,,,,,,,,
Dylan Cook,LT,PIT,"$1,017,500",,,,,,,,,,,,,,,,,,,
Nick Samac,C,CAR,"$1,017,500",,,,,,,,,,,,,,,,,,,
Ryan Flournoy,WR,DAL,"$1,017,500",,,,,,,,,,,,,,,,,,,
Audric Estime,RB,NO,"$1,017,500",,,,,,,,,,,,,,,,,,,
Evan Hull,RB,NO,"$1,017,500",,,,,,,,,,,,,,,,,,,
Austin Deculus,RT,LAC,"$1,010,000",,,,,,,,,,,,,,,,,,,
Parker Washington,WR,JAX,"$1,008,066",,,,,,,,,,,,,,,,,,,
Kayshon Boutte,WR,NE,"$1,006,816",,,,,,,,,,,,,,,,,,,
Ben Chukwuma,RT,TB,"$1,006,667",,,,,,,,,,,,,,,,,,,
Tanner McKee,QB,PHI,"$1,006,630",nan,3.0,0.0,0.0,100.0,16.5,112.5,100.0,0.0,11.0,-0.06,3.69,-4.21,9.33,2.72,9.3,0,0,100
Isaiah Bond,WR,CLE,"$1,006,000",,,,,,,,,,,,,,,,,,,
Sam Howell,QB,PHI,"$1,005,400",,,,,,,,,,,,,,,,,,,
Luke Wypler,RG,CLE,"$1,004,993",,,,,,,,,,,,,,,,,,,
Trey Palmer,WR,NO,"$1,004,824",,,,,,,,,,,,,,,,,,,
Elijah Higgins,WR,ARI,"$1,003,970",,,,,,,,,,,,,,,,,,,
Jarrett Patterson,C,HOU,"$1,002,494",,,,,,,,,,,,,,,,,,,
Valentin Senn,LT,ARI,"$1,001,667",,,,,,,,,,,,,,,,,,,
Xavier Hutchinson,WR,HOU,"$1,000,925",,,,,,,,,,,,,,,,,,,
Beaux Collins,WR,NYG,"$1,000,333",,,,,,,,,,,,,,,,,,,
Josh Fryar,RT,ARI,"$1,000,000",,,,,,,,,,,,,,,,,,,
Andrei Iosivas,WR,CIN,"$999,848",,,,,,,,,,,,,,,,,,,
Tyler Allgeier,RB,ATL,"$998,472",,,,,,,,,,,,,,,,,,,
Willie Lampkin,RG,PHI,"$998,333",,,,,,,,,,,,,,,,,,,
Da'Quan Felton,WR,NYG,"$998,333",,,,,,,,,,,,,,,,,,,
Jake Briningstool,TE,KC,"$998,333",,,,,,,,,,,,,,,,,,,
Lan Larison,RB,NE,"$996,667",,,,,,,,,,,,,,,,,,,
Nick Kallerup,TE,SEA,"$996,667",,,,,,,,,,,,,,,,,,,
Efton Chism III,WR,NE,"$996,667",,,,,,,,,,,,,,,,,,,
Torricelli Simpkins III,RG,NO,"$996,667",,,,,,,,,,,,,,,,,,,
Jahdae Walker,WR,CHI,"$995,000",,,,,,,,,,,,,,,,,,,
Drew Moss,RG,TEN,"$995,000",,,,,,,,,,,,,,,,,,,
Ben Yurosek,TE,MIN,"$995,000",,,,,,,,,,,,,,,,,,,
Xavier Truss,RT,NO,"$995,000",,,,,,,,,,,,,,,,,,,
Demario Douglas,WR,NE,"$993,333",,,,,,,,,,,,,,,,,,,
Jalin Conyers,TE,MIA,"$993,333",,,,,,,,,,,,,,,,,,,
Brock Lampe,TE,NE,"$993,333",,,,,,,,,,,,,,,,,,,
Justin Osborne,C,CLE,"$993,333",,,,,,,,,,,,,,,,,,,
Darius Cooper,WR,PHI,"$993,333",,,,,,,,,,,,,,,,,,,
Savion Washington,RT,LAC,"$993,333",,,,,,,,,,,,,,,,,,,
Josh Williams,RB,TB,"$993,333",,,,,,,,,,,,,,,,,,,
Nate Carter,RB,ATL,"$993,333",,,,,,,,,,,,,,,,,,,
Zeke Correll,C,MIN,"$991,667",,,,,,,,,,,,,,,,,,,
Gus Hartwig,C,NYJ,"$991,667",,,,,,,,,,,,,,,,,,,
Joe Huber,RG,MIN,"$991,667",,,,,,,,,,,,,,,,,,,
Max Brosmer,QB,MIN,"$991,667",0,38.0,0.0,10.5,26.2,42.0,33.6,6.4,9.52,-1.0,-0.66,-35.54,-1.93,4.83,2.49,4.7,10.6,21.2,83
Raheim Sanders,RB,CLE,"$990,000",,,,,,,,,,,,,,,,,,,
Kye Robichaux,RB,DET,"$990,000",,,,,,,,,,,,,,,,,,,
Braxton Jones,LT,CHI,"$989,887",,,,,,,,,,,,,,,,,,,
Ty Chandler,RB,MIN,"$989,711",,,,,,,,,,,,,,,,,,,
Jack Wilson,RT,IND,"$988,333",,,,,,,,,,,,,,,,,,,
Deion Hankins,RB,CHI,"$988,333",,,,,,,,,,,,,,,,,,,
Jaden Smith,WR,TB,"$988,333",,,,,,,,,,,,,,,,,,,
Myles Price,WR,MIN,"$988,333",,,,,,,,,,,,,,,,,,,
Cooper Hodges,RT,JAX,"$986,373",,,,,,,,,,,,,,,,,,,
Andrew Vorhees,LG,BAL,"$985,528",,,,,,,,,,,,,,,,,,,
Kenny McIntosh,RB,SEA,"$982,646",,,,,,,,,,,,,,,,,,,
Cam Grandy,TE,CIN,"$980,000",,,,,,,,,,,,,,,,,,,
Alex Forsyth,C,DEN,"$979,446",,,,,,,,,,,,,,,,,,,
Spencer Anderson,RG,PIT,"$979,446",,,,,,,,,,,,,,,,,,,
Jake Browning,QB,CIN,"$972,500",0,125.0,4.8,6.4,38.8,154.2,71.1,33.8,6.72,3.51,-0.32,-52.89,6.79,7.99,2.73,7.6,15,26.1,70.8
Christopher Brooks,RB,GB,"$972,500",,,,,,,,,,,,,,,,,,,
Vederian Lowe,LT,NE,"$964,468",,,,,,,,,,,,,,,,,,,
Jalen Nailor,WR,MIN,"$960,165",,,,,,,,,,,,,,,,,,,
Tyrone Wheatley Jr.,RT,ATL,"$960,000",,,,,,,,,,,,,,,,,,,
Deneric Prince,RB,NE,"$960,000",,,,,,,,,,,,,,,,,,,
Jarrett Kingston,LG,HOU,"$960,000",,,,,,,,,,,,,,,,,,,
C.J. Hanson,RG,KC,"$960,000",,,,,,,,,,,,,,,,,,,
Kimani Vidal,RB,LAC,"$960,000",,,,,,,,,,,,,,,,,,,
Michael Niese,LG,DET,"$960,000",,,,,,,,,,,,,,,,,,,
Austen Pleasants,RT,SF,"$960,000",,,,,,,,,,,,,,,,,,,
Brenden Bates,TE,CLE,"$960,000",,,,,,,,,,,,,,,,,,,
Jelani Woods,TE,NYJ,"$960,000",,,,,,,,,,,,,,,,,,,
Mitchell Tinsley,WR,CIN,"$960,000",,,,,,,,,,,,,,,,,,,
Luke Tenuta,LT,IND,"$960,000",,,,,,,,,,,,,,,,,,,
Malachi Corley,WR,CLE,"$960,000",,,,,,,,,,,,,,,,,,,
Andrew Ogletree,TE,IND,"$959,548",,,,,,,,,,,,,,,,,,,
Jamaree Salyer,RG,LAC,"$958,983",,,,,,,,,,,,,,,,,,,
Grant Calcaterra,TE,PHI,"$958,535",,,,,,,,,,,,,,,,,,,
Ethan Driskell,RT,KC,"$956,667",,,,,,,,,,,,,,,,,,,
Dalton Tucker,RG,IND,"$956,667",,,,,,,,,,,,,,,,,,,
Connor Heyward,TE,PIT,"$953,806",,,,,,,,,,,,,,,,,,,
Xavier Weaver,WR,ARI,"$953,333",,,,,,,,,,,,,,,,,,,
Frank Crum,RT,DEN,"$951,667",,,,,,,,,,,,,,,,,,,
Brevyn Spann-Ford,TE,DAL,"$950,000",,,,,,,,,,,,,,,,,,,
Andrew Meyer,C,MIA,"$948,333",,,,,,,,,,,,,,,,,,,
British Brooks,RB,HOU,"$948,333",,,,,,,,,,,,,,,,,,,
Ko Kieft,TE,TB,"$948,003",,,,,,,,,,,,,,,,,,,
Kameron Johnson,WR,TB,"$946,667",,,,,,,,,,,,,,,,,,,
Colson Yankoff,RB,WAS,"$946,667",,,,,,,,,,,,,,,,,,,
Mason Tipton,WR,NO,"$946,667",,,,,,,,,,,,,,,,,,,
David Martin-Robinson,TE,TEN,"$945,833",,,,,,,,,,,,,,,,,,,
Jalen Sundell,LT,SEA,"$943,333",,,,,,,,,,,,,,,,,,,
Chris Paul,LG,WAS,"$941,112",,,,,,,,,,,,,,,,,,,
Dareke Young,WR,SEA,"$940,275",,,,,,,,,,,,,,,,,,,
Rasheed Walker,LT,GB,"$935,219",,,,,,,,,,,,,,,,,,,
Isiah Pacheco,RB,KC,"$934,777",,,,,,,,,,,,,,,,,,,
Gage Larvadain,WR,CLE,"$922,500",,,,,,,,,,,,,,,,,,,
Esa Pole,LT,KC,"$922,500",,,,,,,,,,,,,,,,,,,
Corey Kiner,RB,ARI,"$922,500",,,,,,,,,,,,,,,,,,,
William Sherman,LG,NO,"$922,500",,,,,,,,,,,,,,,,,,,
Jeremiah Byers,RT,CLE,"$922,500",,,,,,,,,,,,,,,,,,,
Luke Haggard,LT,TB,"$922,500",,,,,,,,,,,,,,,,,,,
Kedon Slovis,QB,ARI,"$922,500",nan,2.0,0.0,0.0,,-1.0,56.2,0.3,0.0,-1.0,-1.07,-2.15,0.0,1.5,2.13,1.5,50,0,50
Ke'Shawn Williams,WR,PIT,"$922,500",,,,,,,,,,,,,,,,,,,
Cameron Latu,TE,PHI,"$922,500",,,,,,,,,,,,,,,,,,,
Brandon Crenshaw-Dickson,RT,TEN,"$922,500",,,,,,,,,,,,,,,,,,,
Brady Cook,QB,NYJ,"$922,500",0,63.0,1.6,7.9,37.5,169.5,44.3,19.1,12.5,1.18,-0.41,-46.86,-3.3,6.81,2.36,6.6,19.8,25.6,69.8
Carter Runyon,TE,LV,"$922,500",,,,,,,,,,,,,,,,,,,
Dylan Drummond,WR,ATL,"$922,500",,,,,,,,,,,,,,,,,,,
CJ Dippre,TE,NE,"$922,500",,,,,,,,,,,,,,,,,,,
Bryce Ford-Wheaton,WR,NYG,"$905,000",,,,,,,,,,,,,,,,,,,
Alex Palczewski,LT,DEN,"$905,000",,,,,,,,,,,,,,,,,,,
Keaton Mitchell,RB,BAL,"$904,333",,,,,,,,,,,,,,,,,,,
Jaleel McLaughlin,RB,DEN,"$903,333",,,,,,,,,,,,,,,,,,,
Emari Demercado,RB,ARI,"$903,333",,,,,,,,,,,,,,,,,,,
Julian Hill,TE,MIA,"$902,500",,,,,,,,,,,,,,,,,,,
T.J. Bass,RG,DAL,"$901,667",,,,,,,,,,,,,,,,,,,
Jake Bobo,WR,SEA,"$901,667",,,,,,,,,,,,,,,,,,,
Ben Sims,TE,MIN,"$901,667",,,,,,,,,,,,,,,,,,,
Nate Adkins,TE,DEN,"$901,667",,,,,,,,,,,,,,,,,,,
Malik Heath,WR,ATL,"$901,333",,,,,,,,,,,,,,,,,,,
Sean Tucker,RB,TB,"$900,000",,,,,,,,,,,,,,,,,,,
Justin Dedich,C,LAR,"$877,500",,,,,,,,,,,,,,,,,,,
Jalen Coker,WR,CAR,"$877,500",,,,,,,,,,,,,,,,,,,
Jack Westover,TE,NE,"$877,500",,,,,,,,,,,,,,,,,,,
Tyler Badie,RB,DEN,"$877,500",,,,,,,,,,,,,,,,,,,
George Holani,RB,SEA,"$877,500",,,,,,,,,,,,,,,,,,,
Bryce Oliver,WR,TEN,"$877,500",,,,,,,,,,,,,,,,,,,
Ryan Miller,WR,NYG,"$877,500",,,,,,,,,,,,,,,,,,,
Xavier Smith,WR,LAR,"$877,500",,,,,,,,,,,,,,,,,,,
Nikko Remigio,WR,KC,"$877,500",,,,,,,,,,,,,,,,,,,
Zaire Mitchell-Paden,TE,NO,"$840,000",,,,,,,,,,,,,,,,,,,
Emory Jones,QB,ATL,"$840,000",,,,,,,,,,,,,,,,,,,
Connor Bazelak,QB,TB,"$840,000",,,,,,,,,,,,,,,,,,,
Mason Pline,TE,NO,"$840,000",,,,,,,,,,,,,,,,,,,
Obinna Eze,LT,MIA,"$840,000",,,,,,,,,,,,,,,,,,,
Josh Cephus,WR,JAX,"$840,000",,,,,,,,,,,,,,,,,,,
Theo Benedet,RT,CHI,"$840,000",,,,,,,,,,,,,,,,,,,
Dayton Wade,WR,BAL,"$840,000",,,,,,,,,,,,,,,,,,,
Jacob Saylors,RB,DET,"$840,000",,,,,,,,,,,,,,,,,,,
Will Putnam,C,LV,"$840,000",,,,,,,,,,,,,,,,,,,
Corey Bullock,C,BAL,"$840,000",,,,,,,,,,,,,,,,,,,
Donovan Jennings,RT,GB,"$840,000",,,,,,,,,,,,,,,,,,,
Garrett Dellinger,LT,CLE,"$840,000",,,,,,,,,,,,,,,,,,,
Brycen Tremayne,WR,CAR,"$840,000",,,,,,,,,,,,,,,,,,,
Dalen Cambre,WR,NYG,"$840,000",,,,,,,,,,,,,,,,,,,
Zavier Scott,WR,MIN,"$840,000",,,,,,,,,,,,,,,,,,,
