Player,Pos.,Team,Total Value,APY,"Total
Guaranteed","Avg.
Guarantee/Year",% Guaranteed
Dak Prescott,QB,Cowboys,"$240,000,000","$60,000,000","$129,000,000","$32,250,000",53.80%
Jordan Love,QB,Packers,"$220,000,000","$55,000,000","$100,800,000","$25,200,000",45.80%
Joe Burrow,QB,Bengals,"$275,000,000","$55,000,000","$146,510,000","$29,302,000",53.30%
Josh Allen,QB,Bills,"$330,000,000","$55,000,000","$147,000,000","$24,500,000",44.50%
Trevor Lawrence,QB,Jaguars,"$275,000,000","$55,000,000","$142,000,000","$28,400,000",51.60%
Tua Tagovailoa,QB,Dolphins,"$212,400,000","$53,100,000","$93,171,000","$23,292,750",43.90%
Brock Purdy,QB,49ers,"$265,000,000","$53,000,000","$100,000,000","$20,000,000",37.70%
Jared Goff,QB,Lions,"$212,000,000","$53,000,000","$113,611,832","$28,402,958",53.60%
Justin Herbert,QB,Chargers,"$262,500,000","$52,500,000","$133,738,375","$26,747,675",50.90%
Lamar Jackson,QB,Ravens,"$260,000,000","$52,000,000","$135,000,000","$27,000,000",51.90%
Jalen Hurts,QB,Eagles,"$255,000,000","$51,000,000","$110,000,000","$22,000,000",43.10%
Kyler Murray,QB,Cardinals,"$230,500,000","$46,100,000","$103,300,000","$20,660,000",44.80%
Deshaun Watson,QB,Browns,"$230,000,000","$46,000,000","$230,000,000","$46,000,000",100.00%
Kirk Cousins,QB,Falcons,"$180,000,000","$45,000,000","$90,000,000","$22,500,000",50.00%
Patrick Mahomes,QB,Chiefs,"$450,000,000","$45,000,000","$63,081,905","$6,308,191",14.00%
Ja'Marr Chase,WR,Bengals,"$161,000,000","$40,250,000","$73,900,000","$18,475,000",45.90%
Matt Stafford,QB,Rams,"$80,000,000","$40,000,000","$40,000,000","$20,000,000",50.00%
Geno Smith,QB,Raiders,"$75,000,000","$37,500,000","$58,500,000","$29,250,000",78.00%
Justin Jefferson,WR,Vikings,"$140,000,000","$35,000,000","$88,743,000","$22,185,750",63.40%
CeeDee Lamb,WR,Cowboys,"$136,000,000","$34,000,000","$67,000,000","$16,750,000",49.30%
Sam Darnold,QB,Seahawks,"$100,500,000","$33,500,000","$37,500,000","$12,500,000",37.30%
Baker Mayfield,QB,Buccaneers,"$100,000,000","$33,333,333","$40,000,000","$13,333,333",40.00%
D.K. Metcalf,WR,Steelers,"$131,999,529","$32,999,882","$60,000,471","$15,000,118",45.50%
Garrett Wilson,WR,Jets,"$130,000,000","$32,500,000","$38,324,819","$9,581,205",29.50%
A.J. Brown,WR,Eagles,"$96,000,000","$32,000,000","$51,000,000","$17,000,000",53.10%
Amon-Ra St. Brown,WR,Lions,"$120,010,000","$30,002,500","$34,666,000","$8,666,500",28.90%
Tyreek Hill,WR,Dolphins,"$90,000,000","$30,000,000","$54,000,000","$18,000,000",60.00%
Brandon Aiyuk,WR,49ers,"$120,000,000","$30,000,000","$45,000,000","$11,250,000",37.50%
Terry McLaurin,WR,Commanders,"$87,000,000","$29,000,000","$44,650,000","$14,883,333",51.30%
Tee Higgins,WR,Bengals,"$115,000,000","$28,750,000","$30,000,000","$7,500,000",26.10%
Rashawn Slater,LT,Chargers,"$114,000,000","$28,500,000","$56,000,000","$14,000,000",49.10%
Jaylen Waddle,WR,Dolphins,"$84,750,000","$28,250,000","$35,978,546","$11,992,849",42.50%
Tristan Wirfs,RT,Buccaneers,"$140,625,000","$28,125,000","$52,244,000","$10,448,800",37.20%
Penei Sewell,RT,Lions,"$112,000,000","$28,000,000","$42,986,236","$10,746,559",38.40%
Trent Williams,LT,49ers,"$82,660,000","$27,553,333","$26,900,000","$8,966,667",32.50%
D.J. Moore,WR,Bears,"$110,000,000","$27,500,000","$43,650,000","$10,912,500",39.70%
Jameson Williams,WR,Lions,"$80,000,000","$26,666,667","$30,579,154","$10,193,051",38.20%
Christian Darrisaw,LT,Vikings,"$104,000,000","$26,000,000","$43,725,000","$10,931,250",42.00%
Laremy Tunsil,LT,Commanders,"$75,000,000","$25,000,000","$50,000,000","$16,666,667",66.70%
Bernhard Raimann,LT,Colts,"$100,000,000","$25,000,000","$45,000,000","$11,250,000",45.00%
Lane Johnson,RT,Eagles,"$25,000,000","$25,000,000","$25,000,000","$25,000,000",100.00%
DeVonta Smith,WR,Eagles,"$75,000,000","$25,000,000","$33,997,554","$11,332,518",45.30%
Nico Collins,WR,Texans,"$72,750,000","$24,250,000","$32,116,000","$10,705,333",44.10%
Tyler Smith,LG,Cowboys,"$96,000,000","$24,000,000","$41,661,189","$10,415,297",43.40%
Deebo Samuel,WR,Commanders,"$71,550,000","$23,850,000","$41,000,000","$13,666,667",57.30%
Trey Smith,RG,Chiefs,"$94,000,000","$23,500,000","$46,750,000","$11,687,500",49.70%
Andrew Thomas,LT,Giants,"$117,500,000","$23,500,000","$67,000,000","$13,400,000",57.00%
"Michael Pittman, Jr.",WR,Colts,"$70,000,000","$23,333,333","$41,000,000","$13,666,667",58.60%
Courtland Sutton,WR,Broncos,"$92,000,000","$23,000,000","$40,000,000","$10,000,000",43.50%
Calvin Ridley,WR,Titans,"$92,000,000","$23,000,000","$46,980,000","$11,745,000",51.10%
Jake Matthews,LT,Falcons,"$45,000,000","$22,500,000","$38,000,000","$19,000,000",84.40%
Luke Goedeke,LG,Buccaneers,"$90,000,000","$22,500,000","$27,406,000","$6,851,500",30.50%
Taylor Moton,RT,Panthers,"$44,000,000","$22,000,000","$36,800,000","$18,400,000",83.60%
Davante Adams,WR,Rams,"$44,000,000","$22,000,000","$26,000,000","$13,000,000",59.10%
Jordan Mailata,LT,Eagles,"$66,000,000","$22,000,000","$41,000,000","$13,666,667",62.10%
Zach Tom,RT,Packers,"$88,000,000","$22,000,000","$30,200,000","$7,550,000",34.30%
Kolton Miller,LT,Raiders,"$66,000,000","$22,000,000","$36,500,000","$12,166,667",55.30%
Chris Godwin,WR,Buccaneers,"$66,000,000","$22,000,000","$44,000,000","$14,666,667",66.70%
Stefon Diggs,WR,Patriots,"$63,500,000","$21,166,667","$16,600,000","$5,533,333",26.10%
Landon Dickerson,LG,Eagles,"$84,000,000","$21,000,000","$28,890,000","$7,222,500",34.40%
Saquon Barkley,RB,Eagles,"$41,200,000","$20,600,000","$36,000,000","$18,000,000",87.40%
Garett Bolles,LT,Broncos,"$82,000,000","$20,500,000","$23,735,000","$5,933,750",28.90%
Chris Lindstrom,RG,Falcons,"$102,500,000","$20,500,000","$48,202,000","$9,640,400",47.00%
Dan Moore Jr.,LT,Titans,"$82,000,000","$20,500,000","$42,510,000","$10,627,500",51.80%
Mike Evans,WR,Buccaneers,"$41,000,000","$20,500,000","$29,000,000","$14,500,000",70.70%
Dion Dawkins,LT,Bills,"$60,060,000","$20,020,000","$30,205,000","$10,068,333",50.30%
Robert Hunt,RG,Panthers,"$100,000,000","$20,000,000","$44,000,000","$8,800,000",44.00%
Ronnie Stanley,LT,Ravens,"$60,000,000","$20,000,000","$44,000,000","$14,666,667",73.30%
Quenton Nelson,LG,Colts,"$80,000,000","$20,000,000","$41,000,000","$10,250,000",51.30%
Jawaan Taylor,RT,Chiefs,"$80,000,000","$20,000,000","$40,000,000","$10,000,000",50.00%
Justin Fields,QB,Jets,"$40,000,000","$20,000,000","$30,000,000","$15,000,000",75.00%
Taylor Decker,LT,Lions,"$60,000,000","$20,000,000","$31,830,000","$10,610,000",53.10%
Alaric Jackson,LT,Rams,"$57,750,000","$19,250,000","$30,000,000","$10,000,000",51.90%
Aaron Banks,LG,Packers,"$77,000,000","$19,250,000","$27,000,000","$6,750,000",35.10%
George Kittle,TE,49ers,"$76,400,000","$19,100,000","$35,000,000","$8,750,000",45.80%
Christian McCaffrey,RB,49ers,"$38,000,000","$19,000,000","$24,000,000","$12,000,000",63.20%
Michael Onwenu,RT,Patriots,"$57,000,000","$19,000,000","$36,500,000","$12,166,667",64.00%
Trey McBride,TE,Cardinals,"$76,000,000","$19,000,000","$32,500,000","$8,125,000",42.80%
Tytus Howard,RT,Texans,"$56,000,000","$18,666,667","$36,002,000","$12,000,667",64.30%
Samuel Cosmi,RG,Commanders,"$74,000,000","$18,500,000","$26,616,000","$6,654,000",36.00%
Brian O'Neill,RT,Vikings,"$92,500,000","$18,500,000","$22,576,118","$4,515,224",24.40%
Creed Humphrey,C,Chiefs,"$72,000,000","$18,000,000","$35,000,000","$8,750,000",48.60%
Spencer Brown,RT,Bills,"$72,000,000","$18,000,000","$19,855,000","$4,963,750",27.60%
Quinn Meinerz,RG,Broncos,"$72,000,000","$18,000,000","$24,000,000","$6,000,000",33.30%
Christian Kirk,WR,Texans,"$72,000,000","$18,000,000","$37,000,000","$9,250,000",51.40%
Will Fries,RG,Vikings,"$87,720,000","$17,544,000","$34,000,000","$6,800,000",38.80%
Joe Thuney,LG,Bears,"$35,000,000","$17,500,000","$33,500,000","$16,750,000",95.70%
Jerry Jeudy,WR,Browns,"$52,500,000","$17,500,000","$41,000,000","$13,666,667",78.10%
Mike McGlinchey,RT,Broncos,"$87,500,000","$17,500,000","$35,000,000","$7,000,000",40.00%
Travis Kelce,TE,Chiefs,"$34,250,000","$17,125,000","$17,000,000","$8,500,000",49.60%
Cam Jurgens,C,Eagles,"$68,000,000","$17,000,000","$23,346,000","$5,836,500",34.30%
Elgton Jenkins,LG,Packers,"$68,000,000","$17,000,000","$24,000,000","$6,000,000",35.30%
Terence Steele,RT,Cowboys,"$82,500,000","$16,500,000","$23,554,000","$4,710,800",28.60%
T.J. Hockenson,TE,Vikings,"$66,000,000","$16,500,000","$29,292,000","$7,323,000",44.40%
Orlando Brown Jr.,LT,Bengals,"$64,092,000","$16,023,000","$31,100,000","$7,775,000",48.50%
Kevin Dotson,RG,Rams,"$48,000,000","$16,000,000","$24,000,000","$8,000,000",50.00%
Joel Bitonio,LG,Browns,"$48,000,000","$16,000,000","$14,602,942","$4,867,647",30.40%
Abraham Lucas,RT,Seahawks,"$46,000,000","$15,333,333","$12,790,000","$4,263,333",27.80%
Jonah Williams,LT,Cardinals,"$30,000,000","$15,000,000","$19,000,000","$9,500,000",63.30%
Jaylon Moore,LT,Chiefs,"$30,000,000","$15,000,000","$21,240,000","$10,620,000",70.80%
Colton McKivitz,LT,49ers,"$45,000,000","$15,000,000","$18,710,000","$6,236,667",41.60%
Kaleb McGary,RT,Falcons,"$30,000,000","$15,000,000","$28,480,000","$14,240,000",94.90%
Cooper Kupp,WR,Seahawks,"$45,000,000","$15,000,000","$17,500,000","$5,833,333",38.90%
Derrick Henry,RB,Ravens,"$30,000,000","$15,000,000","$25,000,000","$12,500,000",83.30%
Jonah Jackson,RG,Bears,"$44,500,000","$14,833,333","$24,500,000","$8,166,667",55.10%
Wyatt Teller,RG,Browns,"$56,800,000","$14,200,000","$16,591,500","$4,147,875",29.20%
Daniel Jones,QB,Colts,"$14,000,000","$14,000,000","$13,150,000","$13,150,000",93.90%
Jonathan Taylor,RB,Colts,"$42,000,000","$14,000,000","$19,347,556","$6,449,185",46.10%
Drew Dalman,C,Bears,"$42,000,000","$14,000,000","$26,500,000","$8,833,333",63.10%
David Njoku,TE,Browns,"$54,750,000","$13,687,500","$17,000,000","$4,250,000",31.10%
Aaron Rodgers,QB,Steelers,"$13,650,000","$13,650,000","$10,000,000","$10,000,000",73.30%
Walker Little,LT,Jaguars,"$40,500,000","$13,500,000","$25,944,256","$8,648,085",64.10%
Damien Lewis,LG,Panthers,"$53,000,000","$13,250,000","$26,215,000","$6,553,750",49.50%
Khalil Shakir,WR,Bills,"$53,000,000","$13,250,000","$18,100,000","$4,525,000",34.20%
Mark Andrews,TE,Ravens,"$39,267,000","$13,089,000","$20,944,444","$6,981,481",53.30%
Ben Powers,LG,Broncos,"$52,000,000","$13,000,000","$27,000,000","$6,750,000",51.90%
Darnell Mooney,WR,Falcons,"$39,000,000","$13,000,000","$26,000,000","$8,666,667",66.70%
Cole Kmet,TE,Bears,"$50,000,000","$12,500,000","$22,893,000","$5,723,250",45.80%
Lloyd Cushenberry,C,Titans,"$50,000,000","$12,500,000","$26,000,000","$6,500,000",52.00%
Patrick Mekari,RG,Jaguars,"$37,500,000","$12,500,000","$20,000,000","$6,666,667",53.30%
Jake Ferguson,TE,Cowboys,"$50,000,000","$12,500,000","$20,656,000","$5,164,000",41.30%
Rashod Bateman,WR,Ravens,"$36,750,000","$12,250,000","$16,500,000","$5,500,000",44.90%
Alvin Kamara,RB,Saints,"$24,500,000","$12,250,000","$19,233,333","$9,616,667",78.50%
Cam Ward,QB,Titans,"$48,839,604","$12,209,901","$48,839,604","$12,209,901",100.00%
Pat Freiermuth,TE,Steelers,"$48,400,000","$12,100,000","$11,600,000","$2,900,000",24.00%
Jonnu Smith,TE,Steelers,"$12,010,000","$12,010,000","$7,745,000","$7,745,000",64.50%
Dalton Schultz,TE,Texans,"$36,000,000","$12,000,000","$23,500,000","$7,833,333",65.30%
Luke Wattenberg,C,Broncos,"$48,000,000","$12,000,000","$13,366,667","$3,341,667",27.80%
Austin Jackson,RT,Dolphins,"$36,000,000","$12,000,000","$13,066,124","$4,355,375",36.30%
Josh Jacobs,RB,Packers,"$48,000,000","$12,000,000","$12,500,000","$3,125,000",26.00%
Cam Robinson,LT,Browns,"$12,000,000","$12,000,000","$10,750,000","$10,750,000",89.60%
Darius Slayton,WR,Giants,"$36,000,000","$12,000,000","$22,000,000","$7,333,333",61.10%
Erik McCoy,C,Saints,"$60,000,000","$12,000,000","$20,090,000","$4,018,000",33.50%
Travis Hunter,WR,Jaguars,"$46,649,112","$11,662,278","$46,649,112","$11,662,278",100.00%
James Cook,RB,Bills,"$46,000,000","$11,500,000","$15,280,000","$3,820,000",33.20%
Rob Havenstein,RT,Rams,"$34,500,000","$11,500,000","$13,176,471","$4,392,157",38.20%
Evan Engram,TE,Broncos,"$23,000,000","$11,500,000","$16,500,000","$8,250,000",71.70%
Kyren Williams,RB,Rams,"$33,000,000","$11,000,000","$15,145,000","$5,048,333",45.90%
Christian Watson,WR,Packers,"$11,000,000","$11,000,000","$6,067,078","$6,067,078",55.20%
Jakobi Meyers,WR,Jaguars,"$33,000,000","$11,000,000","$16,000,000","$5,333,333",48.50%
Cesar Ruiz,RG,Saints,"$44,000,000","$11,000,000","$18,188,981","$4,547,245",41.30%
Will Campbell,LT,Patriots,"$43,662,098","$10,915,525","$43,662,098","$10,915,525",100.00%
Russell Wilson,QB,Giants,"$10,500,000","$10,500,000","$10,000,000","$10,000,000",95.20%
Juwan Johnson,TE,Saints,"$30,750,000","$10,250,000","$21,250,000","$7,083,333",69.10%
Aaron Jones,RB,Vikings,"$20,000,000","$10,000,000","$11,500,000","$5,750,000",57.50%
"Jon Runyan, Jr.",LG,Giants,"$30,000,000","$10,000,000","$17,000,000","$5,666,667",56.70%
Dyami Brown,WR,Jaguars,"$10,000,000","$10,000,000","$9,500,000","$9,500,000",95.00%
Josh Palmer,WR,Bills,"$30,000,000","$10,000,000","$15,000,000","$5,000,000",50.00%
Dallas Goedert,TE,Eagles,"$10,000,000","$10,000,000","$10,000,000","$10,000,000",100.00%
Taysom Hill,TE,Saints,"$40,000,000","$10,000,000","$10,100,000","$2,525,000",25.30%
Mekhi Becton,RG,Chargers,"$20,000,000","$10,000,000","$6,940,000","$3,470,000",34.70%
Tutu Atwell,WR,Rams,"$10,000,000","$10,000,000","$10,000,000","$10,000,000",100.00%
Tyler Biadasz,C,Commanders,"$30,000,000","$10,000,000","$17,700,000","$5,900,000",59.00%
Joe Mixon,RB,Texans,"$19,750,000","$9,875,000","$13,000,000","$6,500,000",65.80%
Caleb Williams,QB,Bears,"$39,486,058","$9,871,515","$39,486,058","$9,871,515",100.00%
Dawson Knox,TE,Bills,"$29,500,000","$9,833,333","$12,750,000","$4,250,000",43.20%
James Conner,RB,Cardinals,"$19,000,000","$9,500,000","$8,250,000","$4,125,000",43.40%
Bryce Young,QB,Panthers,"$37,955,074","$9,488,769","$37,955,074","$9,488,769",100.00%
Jayden Daniels,QB,Commanders,"$37,746,650","$9,436,663","$37,746,650","$9,436,663",100.00%
Drake Maye,QB,Patriots,"$36,639,764","$9,159,941","$36,639,764","$9,159,941",100.00%
David Montgomery,RB,Lions,"$18,250,000","$9,125,000","$5,250,000","$2,625,000",28.80%
C.J. Stroud,QB,Texans,"$36,279,244","$9,069,811","$36,279,244","$9,069,811",100.00%
Hunter Henry,TE,Patriots,"$27,000,000","$9,000,000","$15,800,000","$5,266,667",58.50%
Jack Conklin,RT,Browns,"$9,000,000","$9,000,000","$9,000,000","$9,000,000",100.00%
Rhamondre Stevenson,RB,Patriots,"$36,000,000","$9,000,000","$17,116,000","$4,279,000",47.50%
Kevin Zeitler,RG,Titans,"$9,000,000","$9,000,000","$8,745,000","$8,745,000",97.20%
Ryan Kelly,C,Vikings,"$18,000,000","$9,000,000","$9,250,000","$4,625,000",51.40%
Ashton Jeanty,RB,Raiders,"$35,895,812","$8,973,953","$35,895,812","$8,973,953",100.00%
Marvin Harrison Jr.,WR,Cardinals,"$35,374,742","$8,843,686","$35,374,742","$8,843,686",100.00%
Mike Gesicki,TE,Bengals,"$25,500,000","$8,500,000","$6,500,000","$2,166,667",25.50%
Tyler Higbee,TE,Rams,"$17,000,000","$8,500,000","$11,075,980","$5,537,990",65.20%
Anthony Richardson,QB,Colts,"$33,994,030","$8,498,508","$33,994,030","$8,498,508",100.00%
Chuba Hubbard,RB,Panthers,"$33,200,000","$8,300,000","$12,058,000","$3,014,500",36.30%
Joe Alt,RT,Chargers,"$33,160,944","$8,290,236","$33,160,944","$8,290,236",100.00%
Kyle Pitts,TE,Falcons,"$32,910,496","$8,227,624","$32,910,496","$8,227,624",100.00%
Isaac Seumalo,LG,Steelers,"$24,000,000","$8,000,000","$6,950,000","$2,316,667",29.00%
D'Andre Swift,RB,Bears,"$24,000,000","$8,000,000","$14,000,000","$4,666,667",58.30%
Ezra Cleveland,LG,Jaguars,"$24,000,000","$8,000,000","$14,250,000","$4,750,000",59.40%
Morgan Moses,RT,Patriots,"$24,000,000","$8,000,000","$11,000,000","$3,666,667",45.80%
Curtis Samuel,WR,Bills,"$24,000,000","$8,000,000","$14,020,000","$14,020,000",58.40%
James Daniels,RG,Dolphins,"$24,000,000","$8,000,000","$7,255,000","$2,418,333",30.20%
Marcus Mariota,QB,Commanders,"$8,000,000","$8,000,000","$7,390,000","$7,390,000",92.40%
Braden Smith,RT,Colts,"$8,000,000","$8,000,000",$0,$0,0.00%
Armand Membou,RT,Jets,"$31,913,104","$7,978,276","$31,913,104","$7,978,276",100.00%
Josh Oliver,TE,Vikings,"$23,250,000","$7,750,000","$15,645,000","$5,215,000",67.30%
Colby Parkinson,TE,Rams,"$22,500,000","$7,500,000","$10,250,000","$3,416,667",45.60%
Connor McGovern,LG,Bills,"$22,350,000","$7,450,000","$9,900,000","$3,300,000",44.30%
Ben Bredeson,LG,Buccaneers,"$22,000,000","$7,333,333","$12,500,000","$4,166,667",56.80%
Malik Nabers,WR,Giants,"$29,207,750","$7,301,938","$29,207,750","$7,301,938",100.00%
Trey Pipkins,RT,Chargers,"$21,750,000","$7,250,000","$13,250,000","$4,416,667",60.90%
Tony Pollard,RB,Titans,"$21,750,000","$7,250,000","$10,490,000","$3,496,667",48.20%
Paris Johnson Jr.,RT,Cardinals,"$28,052,460","$7,013,115","$28,052,460","$7,013,115",100.00%
Marquise Brown,WR,Chiefs,"$7,000,000","$7,000,000","$6,500,000","$6,500,000",92.90%
Aaron Brewer,C,Dolphins,"$21,000,000","$7,000,000","$10,215,000","$3,405,000",48.60%
Jermaine Eluemunor,LT,Giants,"$14,000,000","$7,000,000","$6,750,000","$3,375,000",48.20%
Davis Mills,QB,Texans,"$7,000,000","$7,000,000","$10,250,000","$10,250,000",100.00%
Robert Hainsey,C,Jaguars,"$21,000,000","$7,000,000","$10,000,000","$3,333,333",47.60%
John Bates,TE,Commanders,"$21,000,000","$7,000,000","$11,520,000","$3,840,000",54.90%
Tetairoa McMillan,WR,Panthers,"$27,930,390","$6,982,598","$27,930,390","$6,982,598",100.00%
Kelvin Banks Jr.,LT,Saints,"$27,731,246","$6,932,812","$27,731,246","$6,932,812",100.00%
Ikem Ekwonu,LT,Panthers,"$27,568,050","$6,892,013","$27,568,050","$6,892,013",100.00%
Graham Glasgow,RG,Lions,"$20,000,000","$6,666,667","$8,000,000","$2,666,667",40.00%
Colston Loveland,TE,Bears,"$26,636,008","$6,659,002","$26,636,008","$6,659,002",100.00%
J.C. Latham,LT,Titans,"$26,045,188","$6,511,297","$26,045,188","$6,511,297",100.00%
Zach Ertz,TE,Commanders,"$6,250,000","$6,250,000","$5,590,000","$5,590,000",89.40%
Jacoby Brissett,QB,Cardinals,"$12,500,000","$6,250,000","$6,500,000","$3,250,000",52.00%
Evan Neal,RT,Giants,"$24,551,256","$6,137,814","$24,551,256","$6,137,814",100.00%
Coleman Shelton,RG,Rams,"$12,000,000","$6,000,000","$9,000,000","$4,500,000",75.00%
Hjalte Froholdt,C,Cardinals,"$12,000,000","$6,000,000","$7,250,000","$3,625,000",60.40%
Tyrod Taylor,QB,Jets,"$12,000,000","$6,000,000","$8,500,000","$4,250,000",70.80%
Jarrett Stidham,QB,Broncos,"$12,000,000","$6,000,000","$6,990,000","$3,495,000",58.30%
Noah Gray,TE,Chiefs,"$18,000,000","$6,000,000","$10,016,000","$3,338,667",55.60%
Zach Wilson,QB,Dolphins,"$6,000,000","$6,000,000","$6,000,000","$6,000,000",100.00%
John Simpson,LG,Jets,"$12,000,000","$6,000,000","$6,000,000","$3,000,000",50.00%
James Hudson,RT,Giants,"$12,000,000","$6,000,000","$6,010,000","$3,005,000",50.10%
Ethan Pocic,C,Browns,"$18,000,000","$6,000,000","$10,000,000","$3,333,333",55.60%
Jaylen Warren,RB,Steelers,"$11,904,000","$5,952,000","$11,765,000","$5,882,500",98.80%
Jauan Jennings,WR,49ers,"$11,890,000","$5,945,000","$8,435,000","$4,217,500",70.90%
Evan Brown,LG,Cardinals,"$11,500,000","$5,750,000","$6,000,000","$3,000,000",52.20%
Michael Penix Jr.,QB,Falcons,"$22,882,636","$5,720,659","$22,882,636","$5,720,659",100.00%
Rome Odunze,WR,Bears,"$22,724,500","$5,681,125","$22,724,500","$5,681,125",100.00%
Tyler Booker,LG,Cowboys,"$22,553,718","$5,638,430","$22,553,718","$5,638,430",100.00%
Alex Cappa,RG,Raiders,"$11,020,000","$5,510,000","$5,500,000","$2,750,000",49.90%
Devin Singletary,RB,Giants,"$16,500,000","$5,500,000","$9,500,000","$3,166,667",57.60%
Bijan Robinson,RB,Falcons,"$21,958,544","$5,489,636","$21,958,544","$5,489,636",100.00%
J.J. McCarthy,QB,Vikings,"$21,854,796","$5,463,699","$21,854,796","$5,463,699",100.00%
Drake London,WR,Falcons,"$21,534,472","$5,383,618","$21,534,472","$5,383,618",100.00%
Charles Cross,LT,Seahawks,"$21,383,626","$5,345,907","$21,383,626","$5,345,907",100.00%
Nick Allegretti,LG,Commanders,"$16,000,000","$5,333,333","$9,020,000","$3,006,667",56.40%
Luke Farrell,TE,49ers,"$15,750,000","$5,250,000","$6,000,000","$2,000,000",38.10%
Najee Harris,RB,Chargers,"$5,250,000","$5,250,000","$5,250,000","$5,250,000",100.00%
Tommy Tremble,TE,Panthers,"$10,500,000","$5,250,000","$6,000,000","$3,000,000",57.10%
Jordan Mason,RB,Vikings,"$10,500,000","$5,250,000","$7,230,000","$3,615,000",68.90%
Darnell Wright,RT,Bears,"$20,968,270","$5,242,068","$20,968,270","$5,242,068",100.00%
Tyler Warren,TE,Colts,"$20,960,650","$5,240,163","$20,960,650","$5,240,163",100.00%
Olu Fashanu,LT,Jets,"$20,510,710","$5,127,678","$20,510,710","$5,127,678",100.00%
Tyson Bagent,QB,Bears,"$10,000,000","$5,000,000","$2,530,000","$1,265,000",25.30%
Adam Thielen,WR,Steelers,"$5,000,000","$5,000,000","$1,000,000","$1,000,000",20.00%
Ted Karras,C,Bengals,"$5,000,000","$5,000,000","$1,000,000","$1,000,000",20.00%
Austin Hooper,TE,Patriots,"$5,000,000","$5,000,000","$4,000,000","$4,000,000",80.00%
DeAndre Hopkins,WR,Ravens,"$5,000,000","$5,000,000","$5,000,000","$5,000,000",100.00%
Peter Skoronski,LG,Titans,"$19,673,320","$4,918,330","$19,673,320","$4,918,330",100.00%
Chris Olave,WR,Saints,"$19,271,872","$4,817,968","$19,271,872","$4,817,968",100.00%
Garrett Bradbury,C,Patriots,"$9,500,000","$4,750,000","$3,800,000","$1,900,000",40.00%
Ryan Neuzil,C,Falcons,"$9,500,000","$4,750,000","$6,250,000","$3,125,000",65.80%
Will Dissly,TE,Chargers,"$14,000,000","$4,666,666","$1,000,000","$333,333",7.10%
Bo Nix,QB,Broncos,"$18,613,166","$4,653,292","$18,613,166","$4,653,292",100.00%
Grey Zabel,LT,Seahawks,"$18,471,460","$4,617,865","$18,471,460","$4,617,865",100.00%
Emeka Egbuka,WR,Buccaneers,"$18,172,730","$4,543,183","$18,172,730","$4,543,183",100.00%
Brock Bowers,TE,Raiders,"$18,138,784","$4,534,696","$18,138,784","$4,534,696",100.00%
Kavontae Turpin,WR,Cowboys,"$13,500,000","$4,500,000","$5,000,000","$1,666,667",37.00%
Jahmyr Gibbs,RB,Lions,"$17,845,138","$4,461,285","$17,845,138","$4,461,285",100.00%
Omarion Hampton,RB,Chargers,"$17,774,464","$4,443,616","$17,774,464","$4,443,616",100.00%
Matthew Golden,WR,Packers,"$17,575,338","$4,393,835","$17,575,338","$4,393,835",100.00%
Taliese Fuaga,LT,Saints,"$17,348,158","$4,337,040","$17,348,158","$4,337,040",100.00%
Donovan Jackson,LT,Vikings,"$17,177,054","$4,294,264","$17,177,054","$4,294,264",100.00%
Joe Flacco,QB,Bengals,"$4,250,000","$4,250,000","$3,000,000","$3,000,000",70.60%
Ryan Bates,RG,Bears,"$17,000,000","$4,250,000","$8,850,000","$2,212,500",52.10%
Jaxson Dart,QB,Giants,"$16,977,942","$4,244,486","$16,977,942","$4,244,486",100.00%
Austin Ekeler,RB,Commanders,"$8,430,000","$4,215,000","$4,210,000","$2,105,000",49.90%
Mack Hollins,WR,Patriots,"$8,400,000","$4,200,000","$3,500,000","$1,750,000",41.70%
Broderick Jones,LT,Steelers,"$16,626,364","$4,156,591","$16,626,364","$4,156,591",100.00%
Jake Brendel,C,49ers,"$16,500,000","$4,125,000","$5,000,000","$1,250,000",30.30%
Foster Moreau,TE,Saints,"$12,234,000","$4,078,000","$8,020,000","$2,673,333",65.60%
Brock Wright,TE,Lions,"$12,000,000","$4,000,000","$4,600,000","$1,533,333",38.30%
Demarcus Robinson,WR,49ers,"$8,000,000","$4,000,000","$6,000,000","$3,000,000",75.00%
Jameis Winston,QB,Giants,"$8,000,000","$4,000,000","$5,250,000","$2,625,000",65.60%
Charlie Woerner,TE,Falcons,"$12,000,000","$4,000,000","$4,160,000","$1,386,667",34.70%
Joshua Dobbs,QB,Patriots,"$8,000,000","$4,000,000","$3,800,000","$1,900,000",47.50%
Andy Dalton,QB,Panthers,"$8,000,000","$4,000,000","$6,000,000","$3,000,000",75.00%
Josh Jones,RG,Seahawks,"$4,000,000","$4,000,000","$3,000,000","$3,000,000",75.00%
Kelvin Beachum,RT,Cardinals,"$4,000,000","$4,000,000","$3,490,000","$3,490,000",87.30%
Andrew Wylie,RT,Commanders,"$4,000,000","$4,000,000","$3,495,000","$3,495,000",87.40%
Kalif Raymond,WR,Lions,"$4,000,000","$4,000,000","$3,330,000","$3,330,000",83.30%
Alijah Vera-Tucker,RG,Jets,"$15,885,034","$3,971,259","$15,885,034","$3,971,259",100.00%
Josh Conerly Jr.,LT,Commanders,"$15,681,094","$3,920,274","$15,681,094","$3,920,274",100.00%
Amarius Mims,RT,Bengals,"$15,371,558","$3,842,890","$15,371,558","$3,842,890",100.00%
Troy Fautanu,LG,Steelers,"$15,055,296","$3,763,824","$15,055,296","$3,763,824",100.00%
Jahan Dotson,WR,Eagles,"$15,048,356","$3,762,089","$15,048,356","$3,762,089",100.00%
Antonio Gibson,RB,Patriots,"$11,250,000","$3,750,000","$5,300,000","$1,766,667",47.10%
Mason Rudolph,QB,Steelers,"$7,500,000","$3,750,000","$3,000,000","$1,500,000",40.00%
Robert Jones,RG,Cowboys,"$3,750,000","$3,750,000","$3,000,000","$3,000,000",80.00%
Adam Trautman,TE,Broncos,"$7,500,000","$3,750,000","$5,000,000","$2,500,000",66.70%
Zion Johnson,LG,Chargers,"$14,746,680","$3,686,670","$14,746,680","$3,686,670",100.00%
Josh Simmons,LT,Chiefs,"$14,675,356","$3,668,839","$14,675,356","$3,668,839",100.00%
Brian Thomas Jr.,WR,Jaguars,"$14,659,978","$3,664,995","$14,659,978","$3,664,995",100.00%
Jaxon Smith-Njigba,WR,Seahawks,"$14,417,308","$3,604,327","$14,417,308","$3,604,327",100.00%
Quentin Johnston,WR,Chargers,"$14,188,786","$3,547,197","$14,188,786","$3,547,197",100.00%
Jordan Morgan,RT,Packers,"$14,185,596","$3,546,399","$14,185,596","$3,546,399",100.00%
Trevor Penning,LT,Chargers,"$14,143,316","$3,535,829","$14,143,316","$3,535,829",100.00%
Kenny Pickett,QB,Raiders,"$14,067,904","$3,516,976","$14,067,904","$3,516,976",100.00%
Zay Flowers,WR,Ravens,"$14,036,440","$3,509,110","$14,036,440","$3,509,110",100.00%
Graham Barton,C,Buccaneers,"$14,027,456","$3,506,864","$14,027,456","$3,506,864",100.00%
Hunter Luepke,RB,Cowboys,"$7,000,000","$3,500,000","$5,030,000","$2,515,000",71.90%
Matt Peart,RT,Broncos,"$7,000,000","$3,500,000","$3,245,000","$1,622,500",46.40%
Chuma Edoga,LT,Jaguars,"$7,000,000","$3,500,000","$3,200,000","$1,600,000",45.70%
Drew Sample,TE,Bengals,"$10,500,000","$3,500,000","$2,350,000","$783,333",22.40%
Mac Jones,QB,49ers,"$7,000,000","$3,500,000","$4,750,000","$2,375,000",67.90%
Xavier Worthy,WR,Chiefs,"$13,790,264","$3,447,566","$13,790,264","$3,447,566",100.00%
Jordan Addison,WR,Vikings,"$13,731,736","$3,432,934","$13,731,736","$3,432,934",100.00%
Cole Van Lanen,LT,Jaguars,"$3,406,000","$3,406,000",$0,$0,0.00%
Cade Mays,LG,Panthers,"$3,406,000","$3,406,000",$0,$0,0.00%
Dalton Kincaid,TE,Bills,"$13,427,040","$3,356,760","$13,427,040","$3,356,760",100.00%
Tyler Linderbaum,C,Ravens,"$13,238,294","$3,309,574","$13,238,294","$3,309,574",100.00%
Anton Harrison,RT,Jaguars,"$13,198,522","$3,299,631","$13,198,522","$3,299,631",100.00%
Tyler Guyton,LT,Cowboys,"$13,155,806","$3,288,952","$13,155,806","$3,288,952",100.00%
Greg Dortch,WR,Cardinals,"$3,263,000","$3,263,000",$0,$0,0.00%
Ashton Dulin,WR,Colts,"$6,500,000","$3,250,000","$2,940,000","$1,470,000",45.20%
Cornelius Lucas,LT,Browns,"$6,500,000","$3,250,000","$3,255,000","$1,627,500",50.10%
Bradley Bozeman,C,Chargers,"$6,500,000","$3,250,000","$3,375,000","$1,687,500",51.90%
Greg Van Roten,RG,Giants,"$3,250,000","$3,250,000","$2,450,000","$2,450,000",75.40%
Noah Brown,WR,Commanders,"$3,250,000","$3,250,000","$2,470,000","$2,470,000",76.00%
Travis Etienne,RB,Jaguars,"$12,898,112","$3,224,528","$12,898,112","$3,224,528",100.00%
Blake Brandel,LT,Vikings,"$9,500,000","$3,166,667","$3,100,000","$1,033,333",32.60%
Ricky Pearsall,WR,49ers,"$12,538,398","$3,134,600","$12,538,398","$3,134,600",100.00%
Cooper Rush,QB,Ravens,"$6,200,000","$3,100,000","$4,000,000","$2,000,000",64.50%
Rashid Shaheed,WR,Seahawks,"$6,185,000","$3,092,500","$1,000,000","$500,000",16.20%
Xavier Legette,WR,Panthers,"$12,357,176","$3,089,294","$12,357,176","$3,089,294",100.00%
Teven Jenkins,RG,Browns,"$3,050,000","$3,050,000","$2,670,000","$2,670,000",87.50%
Keenan Allen,WR,Chargers,"$3,020,000","$3,020,000","$2,255,000","$2,255,000",74.70%
Jimmy Garoppolo,QB,Rams,"$3,005,000","$3,005,000","$3,005,000","$3,005,000",100.00%
Justice Hill,RB,Ravens,"$6,000,000","$3,000,000","$4,441,176","$2,220,588",74.00%
Tyler Conklin,TE,Chargers,"$3,000,000","$3,000,000","$2,830,000","$2,830,000",94.30%
David Edwards,LG,Bills,"$6,000,000","$3,000,000","$2,950,000","$1,475,000",49.20%
Javonte Williams,RB,Cowboys,"$3,000,000","$3,000,000","$2,000,000","$2,000,000",66.70%
Austin Corbett,RG,Panthers,"$3,000,000","$3,000,000","$3,000,000","$3,000,000",100.00%
Cody Ford,RG,Bengals,"$6,000,000","$3,000,000","$1,000,000","$500,000",16.70%
Nick Westbrook-Ikhine,WR,Dolphins,"$5,990,000","$2,995,000","$3,200,000","$1,600,000",53.40%
Jayden Higgins,WR,Texans,"$11,700,824","$2,925,206","$11,700,824","$2,925,206",100.00%
Kyle Hinton,RG,Falcons,"$5,750,000","$2,875,000","$2,575,000","$1,287,500",44.80%
Quinshon Judkins,RB,Browns,"$11,402,120","$2,850,530","$11,402,120","$2,850,530",100.00%
Jonah Savaiinaea,LT,Dolphins,"$11,322,472","$2,830,618","$11,322,472","$2,830,618",100.00%
Brady Christensen,LG,Panthers,"$2,787,500","$2,787,500","$2,787,500","$2,787,500",100.00%
TreVeyon Henderson,RB,Patriots,"$11,143,260","$2,785,815","$11,143,260","$2,785,815",100.00%
Rico Dowdle,RB,Panthers,"$2,750,000","$2,750,000","$2,750,000","$2,750,000",100.00%
Johnny Mundt,TE,Jaguars,"$5,500,000","$2,750,000","$2,255,000","$1,127,500",41.00%
KhaDarel Hodge,WR,Falcons,"$5,500,000","$2,750,000","$2,505,000","$1,252,500",45.50%
Josh Reynolds,WR,Jets,"$2,750,000","$2,750,000","$2,000,000","$2,000,000",72.70%
Noah Fant,TE,Bengals,"$2,750,000","$2,750,000","$1,000,000","$1,000,000",36.40%
Luther Burden,WR,Bears,"$10,964,034","$2,741,009","$10,964,034","$2,741,009",100.00%
Tyler Shough,QB,Saints,"$10,804,728","$2,701,182","$10,804,728","$2,701,182",100.00%
Mitchell Trubisky,QB,Bills,"$5,250,000","$2,625,000","$2,710,000","$1,355,000",51.60%
Mason Taylor,TE,Jets,"$10,466,192","$2,616,548","$9,559,309","$2,389,827",91.30%
Cordell Volson,LG,Bengals,"$2,600,000","$2,600,000","$500,000","$500,000",19.20%
Keon Coleman,WR,Bills,"$10,074,258","$2,518,565","$9,640,495","$2,410,124",95.70%
Jamal Agnew,WR,Falcons,"$2,500,000","$2,500,000","$400,000","$400,000",16.00%
Elijah Mitchell,RB,Chiefs,"$2,500,000","$2,500,000","$1,350,000","$1,350,000",54.00%
Durham Smythe,TE,Bears,"$2,500,000","$2,500,000","$1,500,000","$1,500,000",60.00%
D.J. Humphries,LT,Rams,"$2,500,000","$2,500,000","$2,340,000","$2,340,000",93.60%
Nick Chubb,RB,Texans,"$2,500,000","$2,500,000","$1,500,000","$1,500,000",60.00%
Hunter Long,TE,Jaguars,"$5,000,000","$2,500,000","$3,000,000","$1,500,000",60.00%
Ty Johnson,RB,Bills,"$5,000,000","$2,500,000","$2,490,000","$1,245,000",49.80%
Justin Watson,WR,Texans,"$5,000,000","$2,500,000","$3,000,000","$1,500,000",60.00%
Tim Patrick,WR,Jaguars,"$2,500,000","$2,500,000","$2,500,000","$2,500,000",100.00%
Larry Borom,RT,Dolphins,"$2,500,000","$2,500,000","$2,500,000","$2,500,000",100.00%
Allen Lazard,WR,Jets,"$2,500,000","$2,500,000","$1,750,000","$1,750,000",70.00%
Drew Lock,QB,Seahawks,"$5,000,000","$2,500,000","$2,250,000","$1,125,000",45.00%
Ladd McConkey,WR,Chargers,"$9,995,186","$2,498,797","$9,185,943","$2,296,486",91.90%
Terrance Ferguson,TE,Rams,"$9,713,466","$2,428,367","$8,046,753","$2,011,688",82.80%
Ja'Lynn Polk,WR,Saints,"$9,694,744","$2,423,686","$8,214,275","$2,053,569",84.70%
Zay Jones,WR,Cardinals,"$2,400,000","$2,400,000","$1,300,000","$1,300,000",54.20%
Will Levis,QB,Titans,"$9,542,162","$2,385,541","$8,730,957","$2,182,739",91.50%
Sam LaPorta,TE,Lions,"$9,465,998","$2,366,500","$7,825,179","$1,956,295",82.70%
Michael Mayer,TE,Raiders,"$9,313,638","$2,328,410","$7,596,697","$1,899,174",81.60%
Landon Young,RT,Saints,"$2,327,500","$2,327,500","$509,500","$509,500",21.90%
Steve Avila,LG,Rams,"$9,252,708","$2,313,177","$7,442,147","$1,860,537",80.40%
Aireontae Ersery,LT,Texans,"$9,211,646","$2,302,912","$7,369,317","$1,842,329",80.00%
Spencer Burford,RG,49ers,"$2,275,000","$2,275,000","$1,000,000","$1,000,000",44.00%
Breece Hall,RB,Jets,"$9,014,768","$2,253,692","$7,080,482","$1,770,121",78.50%
Case Keenum,QB,Bears,"$2,250,000","$2,250,000","$2,155,000","$2,155,000",95.80%
Nick Mullens,QB,Jaguars,"$4,500,000","$2,250,000","$3,000,000","$1,500,000",66.70%
Dillon Radunz,RT,Saints,"$2,250,000","$2,250,000","$2,250,000","$2,250,000",100.00%
Matthew Bergeron,LG,Falcons,"$8,978,482","$2,244,621","$7,014,143","$1,753,536",78.10%
Bennett Skowronek,WR,Steelers,"$4,475,000","$2,237,500","$1,080,000","$540,000",24.10%
Liam Eichenberg,C,Dolphins,"$2,225,000","$2,225,000","$2,225,000","$2,225,000",100.00%
Jonathan Mingo,WR,Cowboys,"$8,856,606","$2,214,152","$6,898,887","$1,724,722",77.90%
Elijah Arroyo,TE,Seahawks,"$8,813,372","$2,203,343","$6,872,548","$1,718,137",78.00%
Mo Alie-Cox,TE,Colts,"$2,200,000","$2,200,000","$1,167,500","$1,167,500",53.10%
Jackson Powers-Johnson,RG,Raiders,"$8,767,762","$2,191,941","$6,777,157","$1,694,289",77.30%
Will Hernandez,RG,Cardinals,"$2,170,000","$2,170,000","$790,000","$790,000",36.40%
Luke Musgrave,TE,Packers,"$8,475,742","$2,118,936","$6,348,437","$1,587,109",74.90%
Kenneth Walker III,RB,Seahawks,"$8,441,580","$2,110,395","$6,144,040","$1,536,010",72.80%
Jonathon Brooks,RB,Panthers,"$8,417,082","$2,104,271","$6,240,268","$1,560,067",74.10%
Tylan Wallace,WR,Ravens,"$2,100,000","$2,100,000","$1,350,000","$1,350,000",64.30%
Lucas Patrick,RG,Bengals,"$2,100,000","$2,100,000","$200,000","$200,000",9.50%
Joe Tippmann,C,Jets,"$8,359,604","$2,089,901","$6,167,665","$1,541,916",73.80%
J.K. Dobbins,RB,Broncos,"$2,065,000","$2,065,000","$2,065,000","$2,065,000",100.00%
Trent Brown,RT,Texans,"$2,050,000","$2,050,000",$0,$0,0.00%
Wan'Dale Robinson,WR,Giants,"$8,185,166","$2,046,292","$5,791,409","$1,447,852",70.80%
John Metchie III,WR,Jets,"$8,070,176","$2,017,544","$5,626,046","$1,406,512",69.70%
Anthony Belton,LT,Packers,"$8,016,826","$2,004,207","$5,848,303","$1,462,076",73.00%
Calvin Anderson,LT,Steelers,"$4,000,000","$2,000,000","$830,000","$415,000",20.80%
Hunter Renfrow,WR,Panthers,"$2,000,000","$2,000,000","$830,000","$830,000",41.50%
Rondale Moore,WR,Vikings,"$2,000,000","$2,000,000","$250,000","$250,000",12.50%
Trey Lance,QB,Chargers,"$2,000,000","$2,000,000","$1,500,000","$1,500,000",75.00%
Yosuah Nijman,LT,Panthers,"$2,000,000","$2,000,000","$350,000","$350,000",17.50%
Joseph Noteboom,LT,Ravens,"$2,000,000","$2,000,000","$2,000,000","$2,000,000",100.00%
Justin Skule,LT,Vikings,"$2,000,000","$2,000,000","$750,000","$750,000",37.50%
Darren Waller,TE,Dolphins,"$2,000,000","$2,000,000",$0,$0,0.00%
Josh Myers,C,Jets,"$2,000,000","$2,000,000","$2,000,000","$2,000,000",100.00%
Tre Harris,WR,Chargers,"$7,817,692","$1,954,423","$5,578,241","$1,394,560",71.40%
Ozzy Trapilo,RT,Bears,"$7,718,142","$1,929,536","$5,394,005","$1,348,501",69.90%
Tate Ratledge,RG,Lions,"$7,658,380","$1,914,595","$5,251,742","$1,312,936",68.60%
Jack Bech,WR,Raiders,"$7,558,822","$1,889,706","$5,077,207","$1,269,302",67.20%
Zach Frazier,C,Steelers,"$7,544,214","$1,886,054","$5,039,272","$1,259,818",66.80%
Cody Mauch,RT,Buccaneers,"$7,485,470","$1,871,368","$4,613,240","$1,153,310",61.60%
Adonai Mitchell,WR,Jets,"$7,386,086","$1,846,522","$4,817,431","$1,204,358",65.20%
R.J. Harvey,RB,Broncos,"$7,359,674","$1,839,919","$4,727,294","$1,181,824",64.20%
Ben Sinnott,TE,Commanders,"$7,227,950","$1,806,988","$4,597,851","$1,149,463",63.60%
Braxton Berrios,WR,Texans,"$1,800,000","$1,800,000","$300,000","$300,000",16.70%
Dare Ogunbowale,RB,Texans,"$1,800,000","$1,800,000","$750,000","$750,000",41.70%
Samaje Perine,RB,Bengals,"$3,600,000","$1,800,000","$400,000","$200,000",11.10%
Jayden Reed,WR,Packers,"$7,180,778","$1,795,195","$4,048,783","$1,012,196",56.40%
Kenneth Gainwell,RB,Steelers,"$1,790,000","$1,790,000","$620,000","$620,000",34.60%
Kendrick Bourne,WR,49ers,"$1,765,000","$1,765,000","$1,255,000","$1,255,000",71.10%
Travis Homer,RB,Bears,"$1,750,000","$1,750,000","$1,000,000","$1,000,000",57.10%
Kylen Granson,TE,Eagles,"$1,750,000","$1,750,000","$1,000,000","$1,000,000",57.10%
Jerome Ford,RB,Browns,"$1,750,000","$1,750,000","$1,750,000","$1,750,000",100.00%
Patrick Paul,LT,Dolphins,"$6,911,696","$1,727,924","$4,163,624","$1,040,906",60.20%
Brevin Jordan,TE,Texans,"$1,720,000","$1,720,000","$200,000","$200,000",11.60%
Zach Charbonnet,RB,Seahawks,"$6,876,078","$1,719,020","$3,813,333","$953,333",55.50%
George Pickens,WR,Cowboys,"$6,752,188","$1,688,047","$3,867,506","$966,877",57.30%
Harold Fannin Jr.,TE,Browns,"$6,742,886","$1,685,722","$1,543,916","$385,979",22.90%
Kyle Williams,WR,Patriots,"$6,703,572","$1,675,893","$1,515,324","$378,831",22.60%
Van Jefferson,WR,Titans,"$1,670,000","$1,670,000","$1,170,000","$1,170,000",70.10%
Danny Pinter,RG,Colts,"$1,667,500","$1,667,500","$750,000","$750,000",45.00%
Isaac TeSlaa,WR,Lions,"$6,664,452","$1,666,113","$1,486,872","$371,718",22.30%
Alec Pierce,WR,Colts,"$6,601,342","$1,650,336","$3,691,037","$922,759",55.90%
Blake Fisher,RT,Texans,"$6,595,438","$1,648,860","$3,562,252","$890,563",54.00%
Pat Bryant,WR,Broncos,"$6,581,080","$1,645,270","$1,426,240","$356,560",21.70%
Rashee Rice,WR,Chiefs,"$6,495,218","$1,623,805","$3,519,033","$879,758",54.20%
Jaylin Noel,WR,Texans,"$6,466,856","$1,616,714","$1,343,168","$335,792",20.80%
Skyy Moore,WR,49ers,"$6,450,506","$1,612,627","$3,574,481","$893,620",55.40%
Roger Rosengarten,RT,Ravens,"$6,437,314","$1,609,329","$3,384,289","$846,072",52.60%
Kingsley Suamataia,LG,Chiefs,"$6,421,506","$1,605,377","$3,372,071","$843,018",52.50%
Dylan Fairchild,LG,Bengals,"$6,421,174","$1,605,294","$1,309,948","$327,487",20.40%
Raheem Mostert,RB,Raiders,"$1,600,000","$1,600,000","$175,000","$175,000",10.90%
John Michael Schmitz,C,Giants,"$6,373,334","$1,593,334","$3,424,849","$856,212",53.70%
Kaleb Johnson,RB,Steelers,"$6,372,062","$1,593,016","$1,274,228","$318,557",20.00%
Savion Williams,WR,Packers,"$6,292,454","$1,573,114","$1,216,328","$304,082",19.30%
Charlie Heck,RT,Buccaneers,"$1,570,000","$1,570,000","$400,000","$400,000",25.50%
Wyatt Milum,LT,Jaguars,"$6,277,304","$1,569,326","$1,205,312","$301,328",19.20%
Emery Jones Jr.,RT,Ravens,"$6,273,520","$1,568,380","$1,202,560","$300,640",19.20%
Luke Schoonmaker,TE,Cowboys,"$6,266,678","$1,566,670","$3,342,433","$835,608",53.30%
Jalen Milroe,QB,Seahawks,"$6,264,086","$1,566,022","$1,195,700","$298,925",19.10%
Dillon Gabriel,QB,Browns,"$6,226,322","$1,556,581","$1,168,232","$292,058",18.80%
O'Cyrus Torrence,RG,Bills,"$6,220,980","$1,555,245","$3,307,120","$826,780",53.20%
Jared Wilson,C,Patriots,"$6,207,432","$1,551,858","$1,154,496","$288,624",18.60%
Tai Felton,WR,Vikings,"$6,161,184","$1,540,296","$1,120,860","$280,215",18.20%
Charles Grant,LT,Raiders,"$6,161,184","$1,540,296","$1,120,860","$280,215",18.20%
Caleb Rogers,RT,Raiders,"$6,161,184","$1,540,296","$1,120,860","$280,215",18.20%
Brenton Strange,TE,Jaguars,"$6,114,342","$1,528,586","$3,224,717","$806,179",52.70%
Juice Scruggs,C,Texans,"$6,099,108","$1,524,777","$3,212,948","$803,237",52.70%
Ian Thomas,TE,Raiders,"$1,524,500","$1,524,500","$567,500","$567,500",37.20%
Marvin Mims,WR,Broncos,"$6,068,634","$1,517,159","$3,189,399","$797,350",52.60%
Trey Benson,RB,Cardinals,"$6,059,606","$1,514,902","$1,226,984","$306,746",20.20%
Brandon Coleman,LT,Commanders,"$6,058,224","$1,514,556","$1,225,980","$306,495",20.20%
Caedan Wallace,LT,Patriots,"$6,043,304","$1,510,826","$1,215,128","$303,782",20.10%
Kene Nwangwu,RB,Jets,"$1,500,000","$1,500,000","$550,000","$550,000",36.70%
Olamide Zaccheaus,WR,Bears,"$1,500,000","$1,500,000","$750,000","$750,000",50.00%
John FitzPatrick,TE,Packers,"$1,500,000","$1,500,000","$125,000","$125,000",8.30%
Luke Fortner,C,Saints,"$1,500,000","$1,500,000","$300,000","$300,000",20.00%
Sterling Shepard,WR,Buccaneers,"$1,500,000","$1,500,000","$500,000","$500,000",33.30%
Kareem Hunt,RB,Chiefs,"$1,500,000","$1,500,000","$850,000","$850,000",56.70%
Storm Norton,RT,Falcons,"$3,000,000","$1,500,000","$500,000","$250,000",16.70%
Ed Ingram,RG,Texans,"$5,997,974","$1,499,494","$3,224,799","$806,200",53.80%
Isaiah Adams,LG,Cardinals,"$5,974,778","$1,493,695","$1,165,292","$291,323",19.50%
Cooper Beebe,C,Cowboys,"$5,939,718","$1,484,930","$1,139,796","$284,949",19.20%
Kiran Amegadjie,LT,Bears,"$5,914,322","$1,478,581","$1,121,324","$280,331",19.00%
Delmar Glaze,RT,Raiders,"$5,865,790","$1,466,448","$1,086,028","$271,507",18.50%
Matt Goncalves,LT,Colts,"$5,839,038","$1,459,760","$1,066,572","$266,643",18.30%
Christian Haynes,RG,Seahawks,"$5,802,764","$1,450,692","$1,040,192","$260,048",17.90%
Tip Reiman,TE,Cardinals,"$5,789,912","$1,447,478","$1,030,844","$257,711",17.80%
Blake Corum,RB,Rams,"$5,763,762","$1,440,941","$1,011,828","$252,957",17.60%
Feleipe Franks,TE,Falcons,"$1,440,000","$1,440,000","$200,000","$200,000",13.90%
Tyler Steen,RT,Eagles,"$5,750,440","$1,437,610","$1,182,136","$295,534",20.60%
Roman Wilson,WR,Steelers,"$5,745,168","$1,436,292","$998,304","$249,576",17.40%
Zak Zinter,LG,Browns,"$5,734,740","$1,433,685","$990,720","$247,680",17.30%
Dominick Puni,RG,49ers,"$5,700,548","$1,425,137","$965,852","$241,463",16.90%
Kendall Lamm,RT,Dolphins,"$1,425,000","$1,425,000",$0,$0,0.00%
Carson Wentz,QB,Vikings,"$1,422,500","$1,422,500","$167,500","$167,500",11.80%
Chris Manhertz,TE,Giants,"$1,422,500","$1,422,500","$567,500","$567,500",39.90%
Brandon Allen,QB,Titans,"$1,422,500","$1,422,500","$1,000,000","$1,000,000",70.30%
JuJu Smith-Schuster,WR,Chiefs,"$1,422,500","$1,422,500","$1,197,500","$1,197,500",84.20%
Andrus Peat,LT,Steelers,"$1,422,500","$1,422,500","$167,500","$167,500",11.80%
Will Clapp,C,Saints,"$1,422,500","$1,422,500","$167,500","$167,500",11.80%
Elijah Wilkinson,LG,Falcons,"$1,422,500","$1,422,500","$167,500","$167,500",11.80%
David Moore,WR,Panthers,"$1,422,500","$1,422,500","$563,500","$563,500",39.60%
Trenton Scott,RT,Commanders,"$1,422,500","$1,422,500","$415,000","$415,000",29.20%
Josh Johnson,QB,Commanders,"$1,422,500","$1,422,500","$40,000","$40,000",2.80%
DeAndre Carter,WR,Browns,"$1,422,500","$1,422,500","$767,500","$767,500",54.00%
Tank Dell,WR,Texans,"$5,689,104","$1,422,276","$1,137,528","$284,382",20.00%
MarShawn Lloyd,RB,Packers,"$5,688,518","$1,422,130","$957,104","$239,276",16.80%
Jalen McMillan,WR,Buccaneers,"$5,663,024","$1,415,756","$938,564","$234,641",16.60%
Kendre Miller,RB,Saints,"$5,654,312","$1,413,578","$1,112,228","$278,057",19.70%
Jalin Hyatt,WR,Giants,"$5,625,316","$1,406,329","$1,091,140","$272,785",19.40%
Cedric Tillman,WR,Browns,"$5,610,462","$1,402,616","$1,080,336","$270,084",19.30%
Kayode Awosika,RT,Lions,"$1,400,000","$1,400,000","$300,000","$300,000",21.40%
Luke McCaffrey,WR,Commanders,"$5,596,312","$1,399,078","$890,044","$222,511",15.90%
Austin Schlottmann,C,Giants,"$2,795,000","$1,397,500","$500,000","$250,000",17.90%
Tucker Kraft,TE,Packers,"$5,537,932","$1,384,483","$1,027,588","$256,897",18.60%
Josh Downs,WR,Colts,"$5,520,456","$1,380,114","$1,014,876","$253,719",18.40%
Tyjae Spears,RB,Titans,"$5,490,602","$1,372,651","$993,164","$248,291",18.10%
Joshua Ezeudu,LT,Giants,"$5,485,524","$1,371,381","$1,169,472","$292,368",21.30%
Devon Achane,RB,Dolphins,"$5,437,450","$1,359,363","$954,508","$238,627",17.60%
Matt Pryor,RG,Eagles,"$1,355,000","$1,355,000","$700,000","$700,000",51.70%
Chimere Dike,WR,Titans,"$5,400,952","$1,350,238","$1,100,952","$275,238",20.40%
Stone Smartt,TE,Jets,"$1,350,000","$1,350,000","$250,000","$250,000",18.50%
Tank Bigsby,RB,Eagles,"$5,392,918","$1,348,230","$922,120","$230,530",17.10%
Wanya Morris,LT,Chiefs,"$5,368,352","$1,342,088","$904,256","$226,064",16.80%
Darnell Washington,TE,Steelers,"$5,353,912","$1,338,478","$893,752","$223,438",16.70%
Aaron Stinnie,LG,Giants,"$1,337,500","$1,337,500","$475,000","$475,000",35.50%
Chukwuma Okorafor,RT,Jets,"$1,337,500","$1,337,500","$757,500","$757,500",56.60%
Ben Bartch,LT,49ers,"$1,337,500","$1,337,500","$1,172,500","$1,172,500",87.70%
Dalton Risner,LG,Bengals,"$1,337,500","$1,337,500","$167,500","$167,500",12.50%
Alexander Mattison,RB,Dolphins,"$1,337,500","$1,337,500","$1,197,500","$1,197,500",89.50%
A.J. Dillon,RB,Eagles,"$1,337,500","$1,337,500","$167,500","$167,500",12.50%
Scott Miller,WR,Steelers,"$1,337,500","$1,337,500",$0,$0,0.00%
Jeremy McNichols,RB,Commanders,"$1,337,500","$1,337,500","$492,500","$492,500",36.80%
Miles Sanders,RB,Cowboys,"$1,337,500","$1,337,500","$1,197,500","$1,197,500",89.50%
Andrew Beck,TE,Jets,"$1,337,500","$1,337,500","$167,500","$167,500",12.50%
Fred Johnson,RG,Eagles,"$1,337,500","$1,337,500","$1,142,500","$1,142,500",85.40%
Michael Wilson,WR,Cardinals,"$5,339,462","$1,334,866","$883,244","$220,811",16.50%
David Quessenberry,RT,Rams,"$1,330,000","$1,330,000","$1,304,500","$1,304,500",98.10%
Bhayshul Tuten,RB,Jaguars,"$5,316,250","$1,329,063","$1,076,520","$269,130",20.20%
Tre Tucker,WR,Raiders,"$5,304,082","$1,326,021","$857,512","$214,378",16.20%
Blake Hance,RT,Titans,"$1,320,000","$1,320,000","$525,000","$525,000",39.80%
Cam Skattebo,RB,Giants,"$5,273,040","$1,318,260","$1,073,040","$268,260",20.30%
Dont'e Thornton Jr.,WR,Raiders,"$5,250,900","$1,312,725","$1,050,900","$262,725",20.00%
Arian Smith,WR,Jets,"$5,241,652","$1,310,413","$1,041,652","$260,413",19.90%
Trevor Etienne,RB,Panthers,"$5,208,744","$1,302,186","$1,008,744","$252,186",19.40%
Woody Marks,RB,Texans,"$5,203,768","$1,300,942","$1,003,768","$250,942",19.30%
Eric Saubert,TE,Seahawks,"$1,300,000","$1,300,000",$0,$0,0.00%
Jarquez Hunter,RB,Rams,"$5,198,780","$1,299,695","$998,784","$249,696",19.20%
Gunnar Helm,TE,Titans,"$5,172,908","$1,293,227","$972,908","$243,227",18.80%
Malik Willis,QB,Packers,"$5,160,100","$1,290,025","$932,800","$233,200",18.10%
Jalen Tolbert,WR,Cowboys,"$5,135,720","$1,283,930","$915,068","$228,767",17.80%
Dylan Parham,LG,Raiders,"$5,131,430","$1,282,858","$911,948","$227,987",17.80%
Dylan Sampson,RB,Browns,"$5,130,564","$1,282,641","$930,564","$232,641",18.10%
Rachaad White,RB,Buccaneers,"$5,130,000","$1,282,500","$910,908","$227,727",17.80%
Sean Rhyan,LT,Packers,"$5,122,854","$1,280,714","$905,712","$226,428",17.70%
Jalen Travis,LT,Colts,"$5,121,268","$1,280,317","$921,268","$230,317",18.00%
Jaylin Lane,WR,Commanders,"$5,113,840","$1,278,460","$913,840","$228,460",17.90%
Kyle Allen,QB,Lions,"$1,270,000","$1,270,000","$100,000","$100,000",7.90%
D'Wayne Eskridge,WR,Dolphins,"$1,270,000","$1,270,000",$0,$0,0.00%
Jack Stoll,TE,Saints,"$1,270,000","$1,270,000","$100,000","$100,000",7.90%
Jalen Royals,WR,Chiefs,"$5,067,200","$1,266,800","$867,200","$216,800",17.10%
Jeremy Ruckert,TE,Jets,"$5,044,903","$1,261,226","$849,020","$212,255",16.80%
Brian Robinson Jr.,RB,49ers,"$5,044,904","$1,261,226","$849,020","$212,255",16.80%
Ja'Tavion Sanders,TE,Panthers,"$5,044,236","$1,261,059","$874,236","$218,559",17.30%
Pharaoh Brown,TE,Cardinals,"$1,255,000","$1,255,000",$0,$0,0.00%
Ameer Abdullah,RB,Colts,"$1,255,000","$1,255,000",$0,$0,0.00%
Bobby Hart,RT,Chargers,"$1,255,000","$1,255,000",$0,$0,0.00%
Tanner Hudson,TE,Bengals,"$1,255,000","$1,255,000",$0,$0,0.00%
Nick Vannett,TE,Rams,"$1,255,000","$1,255,000",$0,$0,0.00%
Dan Feeney,LG,Buccaneers,"$1,255,000","$1,255,000",$0,$0,0.00%
Corey Levin,C,Titans,"$1,255,000","$1,255,000",$0,$0,0.00%
Philip Rivers,QB,Colts,"$1,255,000","$1,255,000",$0,$0,0.00%
Teddy Bridgewater,QB,Buccaneers,"$1,255,000","$1,255,000",$0,$0,0.00%
Robert Tonyan,TE,Chiefs,"$1,255,000","$1,255,000",$0,$0,0.00%
Germain Ifedi,RT,Dolphins,"$1,255,000","$1,255,000",$0,$0,0.00%
Laquon Treadwell,WR,Colts,"$1,255,000","$1,255,000",$0,$0,0.00%
Brandin Cooks,WR,Bills,"$1,255,000","$1,255,000",$0,$0,0.00%
George Fant,LT,Commanders,"$1,255,000","$1,255,000",$0,$0,0.00%
Geron Christian,LT,Broncos,"$1,255,000","$1,255,000",$0,$0,0.00%
Tyler Lockett,WR,Raiders,"$1,255,000","$1,255,000",$0,$0,0.00%
Troy Franklin,WR,Broncos,"$4,889,836","$1,222,459","$854,836","$213,709",17.50%
Trystan Colon,C,Lions,"$1,220,000","$1,220,000","$50,000","$50,000",4.10%
Elic Ayomanor,WR,Titans,"$4,865,816","$1,216,454","$665,816","$166,454",13.70%
Jordan Watkins,WR,49ers,"$4,865,816","$1,216,454","$665,816","$166,454",13.70%
Theo Johnson,TE,Giants,"$4,851,436","$1,212,859","$831,436","$207,859",17.10%
Devontez Walker,WR,Ravens,"$4,817,852","$1,204,463","$797,852","$199,463",16.60%
Erick All,TE,Bengals,"$4,813,104","$1,203,276","$793,104","$198,276",16.50%
Tanor Bortolini,C,Colts,"$4,799,872","$1,199,968","$779,872","$194,968",16.20%
Mason McCormick,LG,Steelers,"$4,784,896","$1,196,224","$764,896","$191,224",16.00%
Jaylen Wright,RB,Dolphins,"$4,780,020","$1,195,005","$760,020","$190,005",15.90%
A.J. Barner,TE,Seahawks,"$4,775,108","$1,193,777","$755,108","$188,777",15.80%
Cade Stover,TE,Texans,"$4,758,936","$1,189,734","$738,936","$184,734",15.50%
Bucky Irving,RB,Buccaneers,"$4,751,552","$1,187,888","$731,552","$182,888",15.40%
Giovanni Manu,LT,Lions,"$4,745,656","$1,186,414","$725,656","$181,414",15.30%
Nick Saldiveri,LG,Saints,"$4,745,280","$1,186,320","$842,280","$210,570",17.70%
Will Shipley,RB,Eagles,"$4,736,964","$1,184,241","$716,964","$179,241",15.10%
Ray Davis,RB,Bills,"$4,733,188","$1,183,297","$713,188","$178,297",15.10%
Isaac Guerendo,RB,49ers,"$4,724,528","$1,181,132","$704,525","$176,131",14.90%
Jared Wiley,TE,Chiefs,"$4,708,620","$1,177,155","$688,620","$172,155",14.60%
Simi Fehoko,WR,Cardinals,"$1,170,000","$1,170,000",$0,$0,0.00%
Harrison Bryant,TE,Texans,"$1,170,000","$1,170,000",$0,$0,0.00%
Devin Duvernay,WR,Bears,"$1,170,000","$1,170,000",$0,$0,0.00%
James Proche,WR,Titans,"$1,170,000","$1,170,000",$0,$0,0.00%
Easton Stick,QB,Falcons,"$1,170,000","$1,170,000",$0,$0,0.00%
Matt Nelson,LT,Vikings,"$1,170,000","$1,170,000",$0,$0,0.00%
Daniel Brunskill,RG,Dolphins,"$1,170,000","$1,170,000",$0,$0,0.00%
Anthony Firkser,TE,Lions,"$1,170,000","$1,170,000",$0,$0,0.00%
Gabriel Davis,WR,Bills,"$1,170,000","$1,170,000",$0,$0,0.00%
D'Ernest Johnson,RB,Patriots,"$1,170,000","$1,170,000",$0,$0,0.00%
Trayveon Williams,RB,Browns,"$1,170,000","$1,170,000",$0,$0,0.00%
Chase Edmonds,RB,Commanders,"$1,170,000","$1,170,000",$0,$0,0.00%
John Wolford,QB,Vikings,"$1,170,000","$1,170,000",$0,$0,0.00%
Brett Rypien,QB,Colts,"$1,170,000","$1,170,000",$0,$0,0.00%
Dante Pettis,WR,Saints,"$1,170,000","$1,170,000",$0,$0,0.00%
Mecole Hardman,WR,Bills,"$1,170,000","$1,170,000",$0,$0,0.00%
Michael Carter,RB,Cardinals,"$1,170,000","$1,170,000",$0,$0,0.00%
Josiah Deguara,TE,Cardinals,"$1,170,000","$1,170,000",$0,$0,0.00%
Lil'Jordan Humphrey,WR,Broncos,"$1,170,000","$1,170,000",$0,$0,0.00%
Tyler Huntley,QB,Ravens,"$1,170,000","$1,170,000",$0,$0,0.00%
Gunner Olszewski,WR,Giants,"$1,170,000","$1,170,000",$0,$0,0.00%
Michael Jordan,LG,Buccaneers,"$1,170,000","$1,170,000",$0,$0,0.00%
Max Scharping,RG,Steelers,"$1,170,000","$1,170,000",$0,$0,0.00%
Calvin Throckmorton,RG,Broncos,"$1,170,000","$1,170,000",$0,$0,0.00%
Dan Skipper,LT,Lions,"$1,170,000","$1,170,000",$0,$0,0.00%
Stone Forsythe,LT,Raiders,"$1,170,000","$1,170,000",$0,$0,0.00%
Khalil Herbert,RB,Jets,"$1,170,000","$1,170,000",$0,$0,0.00%
Cedrick Wilson Jr.,WR,Dolphins,"$1,170,000","$1,170,000",$0,$0,0.00%
Hakeem Adeniji,LT,Cowboys,"$1,170,000","$1,170,000",$0,$0,0.00%
Jake Curhan,RT,Panthers,"$1,170,000","$1,170,000",$0,$0,0.00%
Tyler Johnson,WR,Jets,"$1,170,000","$1,170,000",$0,$0,0.00%
Olisaemeka Udoh,LT,Titans,"$1,170,000","$1,170,000",$0,$0,0.00%
Ben Cleveland,RG,Ravens,"$1,170,000","$1,170,000",$0,$0,0.00%
Patrick Taylor,RB,49ers,"$1,170,000","$1,170,000","$300,000","$300,000",25.60%
Andre James,C,Chargers,"$1,170,000","$1,170,000",$0,$0,0.00%
Donald Parham,TE,Steelers,"$1,170,000","$1,170,000",$0,$0,0.00%
Gardner Minshew,QB,Chiefs,"$1,170,000","$1,170,000",$0,$0,0.00%
Trent Taylor,WR,49ers,"$1,170,000","$1,170,000",$0,$0,0.00%
Salvon Ahmed,RB,Colts,"$1,170,000","$1,170,000",$0,$0,0.00%
Carson Vinson,LT,Ravens,"$4,669,596","$1,167,399","$469,596","$117,399",10.10%
Blake Freeland,LT,Colts,"$4,655,888","$1,163,972","$815,888","$203,972",17.50%
Jake Andrews,C,Texans,"$4,648,344","$1,162,086","$808,344","$202,086",17.40%
Shedeur Sanders,QB,Browns,"$4,647,380","$1,161,845","$447,380","$111,845",9.60%
Anthony Bradford,RG,Seahawks,"$4,643,988","$1,160,997","$803,988","$200,997",17.30%
Jordan James,RB,49ers,"$4,639,684","$1,159,921","$439,684","$109,921",9.50%
Dawand Jones,RT,Browns,"$4,632,336","$1,158,084","$792,336","$198,084",17.10%
Britain Covey,WR,Eagles,"$2,315,000","$1,157,500",$0,$0,0.00%
Deven Thompkins,WR,Falcons,"$2,315,000","$1,157,500",$0,$0,0.00%
Jaydon Blue,RB,Cowboys,"$4,627,068","$1,156,767","$427,068","$106,767",9.20%
DJ Giddens,RB,Colts,"$4,624,744","$1,156,186","$424,744","$106,186",9.20%
Jalen Rivers,LT,Bengals,"$4,620,988","$1,155,247","$420,988","$105,247",9.10%
Marcus Mbow,RT,Giants,"$4,618,384","$1,154,596","$418,384","$104,596",9.10%
Chandler Zavala,RG,Panthers,"$4,611,736","$1,152,934","$771,736","$192,934",16.70%
Roschon Johnson,RB,Bears,"$4,608,688","$1,152,172","$768,688","$192,172",16.70%
KeAndre Lambert-Smith,WR,Chargers,"$4,608,004","$1,152,001","$408,004","$102,001",8.90%
Matt Hennessy,C,49ers,"$2,300,000","$1,150,000","$390,000","$195,000",17.00%
Mitchell Evans,TE,Panthers,"$4,590,968","$1,147,742","$390,968","$97,742",8.50%
Brett Toth,LT,Eagles,"$2,295,000","$1,147,500",$0,$0,0.00%
Oronde Gadsden II,TE,Chargers,"$4,574,036","$1,143,509","$374,036","$93,509",8.20%
Jon Gaines,LG,Cardinals,"$4,572,240","$1,143,060","$732,240","$183,060",16.00%
Tory Horton,WR,Seahawks,"$4,565,040","$1,141,260","$365,040","$91,260",8.00%
Jackson Slater,LG,Titans,"$4,560,612","$1,140,153","$360,612","$90,153",7.90%
Drew Kendall,C,Eagles,"$4,555,076","$1,138,769","$355,076","$88,769",7.80%
Derius Davis,WR,Chargers,"$4,551,928","$1,137,982","$711,928","$177,982",15.60%
Sione Vaki,RB,Lions,"$4,548,708","$1,137,177","$528,708","$132,177",11.60%
Jacob Cowing,WR,49ers,"$4,548,716","$1,137,177","$528,708","$132,177",11.60%
Braelon Allen,RB,Jets,"$4,548,708","$1,137,177","$528,708","$132,177",11.60%
Stetson Bennett,QB,Rams,"$4,539,132","$1,134,783","$699,132","$174,783",15.40%
Cade Otton,TE,Buccaneers,"$4,523,940","$1,130,985","$833,940","$208,485",18.40%
Jackson Hawes,TE,Bills,"$4,520,216","$1,130,054","$320,216","$80,054",7.10%
Miles Frazier,RG,Lions,"$4,520,216","$1,130,054","$320,216","$80,054",7.10%
Robbie Ouzts,TE,Seahawks,"$4,520,216","$1,130,054","$320,216","$80,054",7.10%
Charlie Jones,WR,Bengals,"$4,518,776","$1,129,694","$678,776","$169,694",15.00%
Ollie Gordon II,RB,Dolphins,"$4,472,664","$1,118,166","$272,664","$68,166",6.10%
Daniel Faalele,RG,Ravens,"$4,460,340","$1,115,085","$800,340","$200,085",17.90%
Max Mitchell,LG,Jets,"$4,456,028","$1,114,007","$796,028","$199,007",17.90%
Daniel Bellinger,TE,Giants,"$4,453,112","$1,113,278","$793,112","$198,278",17.80%
Cameron Williams,RT,Eagles,"$4,451,568","$1,112,892","$676,568","$169,142",15.20%
Devin Neal,RB,Saints,"$4,451,312","$1,112,828","$251,312","$62,828",5.60%
Will Howard,QB,Steelers,"$4,448,100","$1,112,025","$248,100","$62,025",5.60%
Kalel Mullings,RB,Titans,"$4,438,508","$1,109,627","$238,508","$59,627",5.40%
Riley Leonard,QB,Colts,"$4,435,244","$1,108,811","$235,244","$58,811",5.30%
Myles Hinton,LT,Eagles,"$4,433,264","$1,108,316","$233,264","$58,316",5.30%
Bryce Cabeldue,RT,Seahawks,"$4,432,260","$1,108,065","$232,260","$58,065",5.20%
Tahj Brooks,RB,Bengals,"$4,430,856","$1,107,714","$230,856","$57,714",5.20%
Luke Newman,LG,Bears,"$4,430,060","$1,107,515","$230,060","$57,515",5.20%
Graham Mertz,QB,Texans,"$4,428,484","$1,107,121","$228,484","$57,121",5.20%
Gavin Bartholomew,TE,Vikings,"$4,415,824","$1,103,956","$215,824","$53,956",4.90%
LaJohntay Wester,WR,Ravens,"$4,414,868","$1,103,717","$214,868","$53,717",4.90%
Ajani Cornelius,RT,Cowboys,"$4,413,976","$1,103,494","$213,976","$53,494",4.80%
Chase Lundt,RT,Bills,"$4,404,924","$1,101,231","$204,924","$51,231",4.70%
Zamir White,RB,Raiders,"$4,403,924","$1,100,981","$743,924","$185,981",16.90%
Xavier Newman-Johnson,RG,Jets,"$1,100,000","$1,100,000",$0,$0,0.00%
Thayer Munford,RT,Patriots,"$1,100,000","$1,100,000",$0,$0,0.00%
Tom Kennedy,WR,Lions,"$1,100,000","$1,100,000",$0,$0,0.00%
Lucas Niang,RT,Commanders,"$1,100,000","$1,100,000",$0,$0,0.00%
Cole Strange,LG,Dolphins,"$1,100,000","$1,100,000",$0,$0,0.00%
Julius Chestnut,RB,Titans,"$1,100,000","$1,100,000",$0,$0,0.00%
Isaiah Hodgins,WR,Giants,"$1,100,000","$1,100,000",$0,$0,0.00%
Teagan Quitoriano,TE,Falcons,"$1,100,000","$1,100,000",$0,$0,0.00%
Skylar Thompson,QB,Steelers,"$1,100,000","$1,100,000",$0,$0,0.00%
Jamarco Jones,LT,Lions,"$1,100,000","$1,100,000",$0,$0,0.00%
Treylon Burks,WR,Commanders,"$1,100,000","$1,100,000",$0,$0,0.00%
Ronnie Rivers,RB,Rams,"$1,100,000","$1,100,000",$0,$0,0.00%
Tyree Jackson,TE,Commanders,"$1,100,000","$1,100,000",$0,$0,0.00%
Tyquan Thornton,WR,Chiefs,"$1,100,000","$1,100,000",$0,$0,0.00%
Shane Zylstra,TE,Lions,"$1,100,000","$1,100,000",$0,$0,0.00%
David Sills,WR,Falcons,"$1,100,000","$1,100,000",$0,$0,0.00%
Quintin Morris,TE,Jaguars,"$1,100,000","$1,100,000",$0,$0,0.00%
Brock Hoffman,RG,Cowboys,"$1,100,000","$1,100,000",$0,$0,0.00%
Jimmy Horn Jr.,WR,Panthers,"$4,395,440","$1,098,860","$195,440","$48,860",4.40%
Darian Kinnard,RT,Packers,"$2,195,000","$1,097,500","$300,000","$150,000",13.70%
Sedrick Van Pran-Granger,C,Bills,"$4,375,252","$1,093,813","$355,252","$88,813",8.10%
Hayden Conner,LG,Cardinals,"$4,374,280","$1,093,570","$174,280","$43,570",4.00%
Anthony Gould,WR,Colts,"$4,372,664","$1,093,166","$352,664","$88,166",8.10%
Charlie Kolar,TE,Ravens,"$4,364,880","$1,091,220","$704,880","$176,220",16.10%
Spencer Rattler,QB,Saints,"$4,356,480","$1,089,120","$336,480","$84,120",7.70%
Jack Nelson,LT,Falcons,"$4,352,616","$1,088,154","$152,616","$38,154",3.50%
Hassan Haskins,RB,Chargers,"$4,352,208","$1,088,052","$692,208","$173,052",15.90%
Andre Baccellia,WR,Cardinals,"$2,175,000","$1,087,500",$0,$0,0.00%
Mason Kinsey,WR,Titans,"$2,175,000","$1,087,500",$0,$0,0.00%
Malik Davis,RB,Cowboys,"$2,175,000","$1,087,500",$0,$0,0.00%
Thomas Fidone II,TE,Giants,"$4,349,516","$1,087,379","$149,516","$37,379",3.40%
Aidan O'Connell,QB,Raiders,"$4,349,380","$1,087,345","$509,380","$127,345",11.70%
Marcus Bryant,LT,Patriots,"$4,348,328","$1,087,082","$148,328","$37,082",3.40%
Jonah Monheim,C,Jaguars,"$4,344,308","$1,086,077","$144,308","$36,077",3.30%
Romeo Doubs,WR,Packers,"$4,343,916","$1,085,979","$683,916","$170,979",15.70%
Hunter Nourzad,C,Chiefs,"$4,339,516","$1,084,879","$319,516","$79,879",7.40%
Kurtis Rourke,QB,49ers,"$4,334,236","$1,083,559","$134,236","$33,559",3.10%
Brashard Smith,RB,Chiefs,"$4,333,476","$1,083,369","$133,476","$33,369",3.10%
Quinn Ewers,QB,Dolphins,"$4,331,576","$1,082,894","$131,576","$32,894",3.00%
Christian Jones,RT,Cardinals,"$4,330,456","$1,082,614","$310,456","$77,614",7.20%
Kyle Monangai,RB,Bears,"$4,328,140","$1,082,035","$128,140","$32,035",3.00%
Mason Richman,LT,Seahawks,"$4,325,924","$1,081,481","$125,924","$31,481",2.90%
Tez Johnson,WR,Buccaneers,"$4,323,940","$1,080,985","$123,940","$30,985",2.90%
Jacob Monk,C,Packers,"$4,321,616","$1,080,404","$301,616","$75,404",7.00%
LeQuint Allen,RB,Jaguars,"$4,318,756","$1,079,689","$118,756","$29,689",2.70%
Phil Mafah,RB,Cowboys,"$4,311,532","$1,077,883","$111,532","$27,883",2.60%
Rasheen Ali,RB,Ravens,"$4,309,868","$1,077,467","$289,868","$72,467",6.70%
Konata Mumpfield,WR,Rams,"$4,308,536","$1,077,134","$108,536","$27,134",2.50%
Dominic Lovett,WR,Lions,"$4,306,772","$1,076,693","$106,772","$26,693",2.50%
Tyrone Tracy Jr.,RB,Giants,"$4,306,352","$1,076,588","$286,352","$71,588",6.60%
Jacory Croskey-Merritt,RB,Commanders,"$4,305,428","$1,076,357","$105,428","$26,357",2.40%
Connor Colby,RG,49ers,"$4,301,672","$1,075,418","$101,672","$25,418",2.40%
John Williams,LG,Packers,"$4,301,672","$1,075,418","$101,672","$25,418",2.40%
Trevor Keegan,LG,Cowboys,"$4,274,276","$1,068,569","$254,276","$63,569",5.90%
Isaiah Davis,RB,Jets,"$4,274,276","$1,068,569","$254,276","$63,569",5.90%
Bub Means,WR,Saints,"$4,274,276","$1,068,569","$254,276","$63,569",5.90%
Walter Rouse,LT,Vikings,"$4,246,592","$1,061,648","$226,592","$56,648",5.30%
Malik Washington,WR,Dolphins,"$4,219,560","$1,054,890","$199,560","$49,890",4.70%
Johnny Wilson,WR,Eagles,"$4,217,008","$1,054,252","$197,008","$49,252",4.70%
Casey Washington,WR,Falcons,"$4,213,596","$1,053,399","$193,596","$48,399",4.60%
Joe Milton III,QB,Cowboys,"$4,203,316","$1,050,829","$183,316","$45,829",4.40%
Travis Glover,LT,Packers,"$4,191,380","$1,047,845","$171,380","$42,845",4.10%
Tylan Grable,LT,Bills,"$4,189,912","$1,047,478","$169,912","$42,478",4.10%
Nick Gargiulo,RG,Broncos,"$2,093,000","$1,046,500","$58,000","$29,000",2.80%
Mike Jerrell,RT,Falcons,"$4,180,060","$1,045,015","$160,060","$40,015",3.80%
Dylan Laube,RB,Raiders,"$4,175,192","$1,043,798","$155,192","$38,798",3.70%
Chigoziem Okonkwo,TE,Titans,"$4,164,336","$1,041,084","$504,336","$126,084",12.10%
Calvin Austin III,WR,Steelers,"$4,164,336","$1,041,084","$504,336","$126,084",12.10%
Isaiah Likely,TE,Ravens,"$4,164,336","$1,041,084","$504,336","$126,084",12.10%
Colby Sorsdal,RG,Lions,"$4,160,084","$1,040,021","$320,084","$80,021",7.70%
Elijah Klein,LG,Buccaneers,"$4,158,388","$1,039,597","$138,388","$34,597",3.30%
Beaux Limmer,C,Rams,"$4,158,388","$1,039,597","$138,388","$34,597",3.30%
Christian Mahogany,RG,Lions,"$4,158,388","$1,039,597","$138,388","$34,597",3.30%
Jordan Whittington,WR,Rams,"$4,158,388","$1,039,597","$138,388","$34,597",3.30%
Olusegun Oluwatimi,C,Seahawks,"$4,156,460","$1,039,115","$316,460","$79,115",7.60%
Dontayvion Wicks,WR,Packers,"$4,142,544","$1,035,636","$302,544","$75,636",7.30%
Will Mallory,TE,Colts,"$4,130,592","$1,032,648","$290,592","$72,648",7.00%
Michael Jurgens,C,Vikings,"$4,128,740","$1,032,185","$108,740","$27,185",2.60%
Chase Brown,RB,Bengals,"$4,126,156","$1,031,539","$286,156","$71,539",6.90%
Nathan Thomas,LT,Cowboys,"$4,125,972","$1,031,493","$105,972","$26,493",2.60%
DeVaughn Vele,WR,Saints,"$4,124,480","$1,031,120","$104,480","$26,120",2.50%
Matt Lee,C,Bengals,"$4,121,752","$1,030,438","$101,752","$25,438",2.50%
Tommy DeVito,QB,Patriots,"$1,030,000","$1,030,000",$0,$0,0.00%
D.J. Montgomery,WR,Colts,"$1,030,000","$1,030,000",$0,$0,0.00%
Bo Melton,WR,Packers,"$1,030,000","$1,030,000",$0,$0,0.00%
Alex Bachman,WR,Raiders,"$1,030,000","$1,030,000",$0,$0,0.00%
Tucker Fisk,TE,Chargers,"$1,030,000","$1,030,000",$0,$0,0.00%
Jordan Meredith,C,Raiders,"$1,030,000","$1,030,000",$0,$0,0.00%
Irvin Charles,WR,Jets,"$1,030,000","$1,030,000",$0,$0,0.00%
Mike Caliendo,LG,Chiefs,"$1,030,000","$1,030,000",$0,$0,0.00%
Emanuel Wilson,RB,Packers,"$1,030,000","$1,030,000",$0,$0,0.00%
Brady Russell,TE,Seahawks,"$1,030,000","$1,030,000",$0,$0,0.00%
Chris Rodriguez Jr.,RB,Commanders,"$1,030,000","$1,030,000",$0,$0,0.00%
Ryan McCollum,C,Steelers,"$1,030,000","$1,030,000",$0,$0,0.00%
Lucas Krull,TE,Broncos,"$1,030,000","$1,030,000",$0,$0,0.00%
Blake Whiteheart,TE,Browns,"$1,030,000","$1,030,000",$0,$0,0.00%
Zonovan Knight,RB,Cardinals,"$1,030,000","$1,030,000",$0,$0,0.00%
Cody White,WR,Seahawks,"$1,030,000","$1,030,000",$0,$0,0.00%
Ryan Van Demark,RT,Bills,"$1,030,000","$1,030,000","$9,000","$9,000",0.90%
Josh Whyle,TE,Packers,"$1,030,000","$1,030,000",$0,$0,0.00%
Keaontay Ingram,RB,Chiefs,"$1,030,000","$1,030,000",$0,$0,0.00%
Jake Tonges,TE,49ers,"$1,030,000","$1,030,000",$0,$0,0.00%
Alec Anderson,RT,Bills,"$1,030,000","$1,030,000",$0,$0,0.00%
Ben Brown,C,Patriots,"$1,030,000","$1,030,000",$0,$0,0.00%
Travis Vokolek,TE,Cardinals,"$1,030,000","$1,030,000",$0,$0,0.00%
Greg Dulcich,TE,Dolphins,"$1,030,000","$1,030,000",$0,$0,0.00%
James Mitchell,TE,Panthers,"$1,030,000","$1,030,000",$0,$0,0.00%
Yodny Cajuste,LT,Dolphins,"$1,030,000","$1,030,000",$0,$0,0.00%
Yasir Durant,LT,Patriots,"$1,030,000","$1,030,000",$0,$0,0.00%
Jovaughn Gwyn,LG,Falcons,"$1,030,000","$1,030,000",$0,$0,0.00%
Jordan McFadden,LG,Bears,"$1,030,000","$1,030,000",$0,$0,0.00%
Tyler Goodson,RB,Colts,"$1,030,000","$1,030,000",$0,$0,0.00%
Tahj Washington,WR,Dolphins,"$4,110,396","$1,027,599","$90,396","$22,599",2.20%
Devin Culp,TE,Buccaneers,"$4,106,184","$1,026,546","$86,184","$21,546",2.10%
K.T. Leveston,LG,Browns,"$4,100,736","$1,025,184","$80,736","$20,184",2.00%
Eric Gray,RB,Giants,"$4,084,980","$1,021,245","$244,980","$61,245",6.00%
Payne Durham,TE,Buccaneers,"$4,084,980","$1,021,245","$244,980","$61,245",6.00%
Warren McClendon,LT,Rams,"$4,084,980","$1,021,245","$244,980","$61,245",6.00%
Davis Allen,TE,Rams,"$4,084,980","$1,021,245","$244,980","$61,245",6.00%
Asim Richards,LG,Saints,"$4,084,980","$1,021,245","$244,980","$61,245",6.00%
Puka Nacua,WR,Rams,"$4,084,980","$1,021,245","$244,980","$61,245",6.00%
Tyrell Shavers,WR,Bills,"$2,042,000","$1,021,000","$7,000","$3,500",0.30%
Isaiah Williams,WR,Jets,"$2,035,000","$1,017,500",$0,$0,0.00%
Demontrey Jacobs,RT,Cardinals,"$2,035,000","$1,017,500",$0,$0,0.00%
Terrell Jennings,RB,Patriots,"$2,035,000","$1,017,500",$0,$0,0.00%
Dylan Cook,LT,Steelers,"$2,035,000","$1,017,500",$0,$0,0.00%
Nick Samac,C,Panthers,"$2,035,000","$1,017,500",$0,$0,0.00%
Ryan Flournoy,WR,Cowboys,"$2,035,000","$1,017,500",$0,$0,0.00%
Audric Estime,RB,Saints,"$2,035,000","$1,017,500",$0,$0,0.00%
Evan Hull,RB,Saints,"$2,035,000","$1,017,500",$0,$0,0.00%
Austin Deculus,RT,Chargers,"$2,020,000","$1,010,000","$5,000","$2,500",0.20%
Parker Washington,WR,Jaguars,"$4,032,264","$1,008,066","$192,264","$48,066",4.80%
Kayshon Boutte,WR,Patriots,"$4,027,264","$1,006,816","$187,264","$46,816",4.60%
Ben Chukwuma,RT,Buccaneers,"$3,020,000","$1,006,667","$300,000","$100,000",9.90%
Tanner McKee,QB,Eagles,"$4,026,520","$1,006,630","$186,520","$46,630",4.60%
Isaiah Bond,WR,Browns,"$3,018,000","$1,006,000","$3,018,000","$1,006,000",100.00%
Sam Howell,QB,Eagles,"$4,021,600","$1,005,400","$361,600","$90,400",9.00%
Luke Wypler,RG,Browns,"$4,019,972","$1,004,993","$179,972","$44,993",4.50%
Trey Palmer,WR,Saints,"$4,019,296","$1,004,824","$179,296","$44,824",4.50%
Elijah Higgins,WR,Cardinals,"$4,015,880","$1,003,970","$175,880","$43,970",4.40%
Jarrett Patterson,C,Texans,"$4,009,976","$1,002,494","$169,976","$42,494",4.20%
Valentin Senn,LT,Cardinals,"$3,005,000","$1,001,667","$274,000","$91,333",9.10%
Xavier Hutchinson,WR,Texans,"$4,003,700","$1,000,925","$163,700","$40,925",4.10%
Beaux Collins,WR,Giants,"$3,001,000","$1,000,333","$270,000","$90,000",9.00%
Josh Fryar,RT,Cardinals,"$3,000,000","$1,000,000","$269,000","$89,667",9.00%
Andrei Iosivas,WR,Bengals,"$3,999,392","$999,848","$159,392","$39,848",4.00%
Tyler Allgeier,RB,Falcons,"$3,993,888","$998,472","$333,888","$83,472",8.40%
Willie Lampkin,RG,Eagles,"$2,995,000","$998,333","$30,000","$10,000",1.00%
Da'Quan Felton,WR,Giants,"$2,995,000","$998,333","$264,000","$88,000",8.80%
Jake Briningstool,TE,Chiefs,"$2,995,000","$998,333","$264,000","$88,000",8.80%
Lan Larison,RB,Patriots,"$2,990,000","$996,667","$175,000","$58,333",5.90%
Nick Kallerup,TE,Seahawks,"$2,990,000","$996,667","$259,000","$86,333",8.70%
Efton Chism III,WR,Patriots,"$2,990,000","$996,667","$259,000","$86,333",8.70%
Torricelli Simpkins III,RG,Saints,"$2,990,000","$996,667","$259,000","$86,333",8.70%
Jahdae Walker,WR,Bears,"$2,985,000","$995,000","$170,000","$56,667",5.70%
Drew Moss,RG,Titans,"$2,985,000","$995,000","$145,000","$48,333",4.90%
Ben Yurosek,TE,Vikings,"$2,985,000","$995,000","$254,000","$84,667",8.50%
Xavier Truss,RT,Saints,"$2,985,000","$995,000","$170,000","$56,667",5.70%
Demario Douglas,WR,Patriots,"$3,973,332","$993,333","$133,332","$33,333",3.40%
Jalin Conyers,TE,Dolphins,"$2,980,000","$993,333","$115,000","$38,333",3.90%
Brock Lampe,TE,Patriots,"$2,980,000","$993,333","$55,000","$18,333",1.80%
Justin Osborne,C,Browns,"$2,980,000","$993,333","$50,000","$16,667",1.70%
Darius Cooper,WR,Eagles,"$2,980,000","$993,333","$90,000","$30,000",3.00%
Savion Washington,RT,Chargers,"$2,980,000","$993,333","$15,000","$5,000",0.50%
Josh Williams,RB,Buccaneers,"$2,980,000","$993,333","$35,000","$11,667",1.20%
Nate Carter,RB,Falcons,"$2,980,000","$993,333","$171,000","$57,000",5.70%
Zeke Correll,C,Vikings,"$2,975,000","$991,667","$65,000","$21,667",2.20%
Gus Hartwig,C,Jets,"$2,975,000","$991,667","$190,000","$63,333",6.40%
Joe Huber,RG,Vikings,"$2,975,000","$991,667","$210,000","$70,000",7.10%
Max Brosmer,QB,Vikings,"$2,975,000","$991,667","$244,000","$81,333",8.20%
Raheim Sanders,RB,Browns,"$2,970,000","$990,000","$60,000","$20,000",2.00%
Kye Robichaux,RB,Lions,"$2,970,000","$990,000","$50,000","$16,667",1.70%
Braxton Jones,LT,Bears,"$3,959,548","$989,887","$299,548","$74,887",7.60%
Ty Chandler,RB,Vikings,"$3,958,844","$989,711","$298,844","$74,711",7.50%
Jack Wilson,RT,Colts,"$2,965,000","$988,333",$0,$0,0.00%
Deion Hankins,RB,Bears,"$2,965,000","$988,333",$0,$0,0.00%
Jaden Smith,WR,Buccaneers,"$2,965,000","$988,333",$0,$0,0.00%
Myles Price,WR,Vikings,"$2,965,000","$988,333",$0,$0,0.00%
Cooper Hodges,RT,Jaguars,"$3,945,492","$986,373","$105,492","$26,373",2.70%
Andrew Vorhees,LG,Ravens,"$3,942,112","$985,528","$102,112","$25,528",2.60%
Kenny McIntosh,RB,Seahawks,"$3,930,852","$982,646","$90,852","$22,713",2.30%
Cam Grandy,TE,Bengals,"$980,000","$980,000",$0,$0,0.00%
Alex Forsyth,C,Broncos,"$3,917,784","$979,446","$77,784","$19,446",2.00%
Spencer Anderson,RG,Steelers,"$3,917,784","$979,446","$77,784","$19,446",2.00%
Jake Browning,QB,Bengals,"$1,945,000","$972,500",$0,$0,0.00%
Christopher Brooks,RB,Packers,"$1,945,000","$972,500",$0,$0,0.00%
Vederian Lowe,LT,Patriots,"$3,857,872","$964,468","$197,872","$49,468",5.10%
Jalen Nailor,WR,Vikings,"$3,840,660","$960,165","$180,660","$45,165",4.70%
Tyrone Wheatley Jr.,RT,Falcons,"$960,000","$960,000",$0,$0,0.00%
Deneric Prince,RB,Patriots,"$960,000","$960,000",$0,$0,0.00%
Jarrett Kingston,LG,Texans,"$960,000","$960,000",$0,$0,0.00%
C.J. Hanson,RG,Chiefs,"$960,000","$960,000",$0,$0,0.00%
Kimani Vidal,RB,Chargers,"$960,000","$960,000",$0,$0,0.00%
Michael Niese,LG,Lions,"$960,000","$960,000",$0,$0,0.00%
Austen Pleasants,RT,49ers,"$960,000","$960,000",$0,$0,0.00%
Brenden Bates,TE,Browns,"$960,000","$960,000",$0,$0,0.00%
Jelani Woods,TE,Jets,"$960,000","$960,000",$0,$0,0.00%
Mitchell Tinsley,WR,Bengals,"$960,000","$960,000",$0,$0,0.00%
Luke Tenuta,LT,Colts,"$960,000","$960,000",$0,$0,0.00%
Malachi Corley,WR,Browns,"$960,000","$960,000",$0,$0,0.00%
Andrew Ogletree,TE,Colts,"$3,838,192","$959,548","$178,192","$44,548",4.60%
Jamaree Salyer,RG,Chargers,"$3,835,932","$958,983","$175,932","$43,983",4.60%
Grant Calcaterra,TE,Eagles,"$3,834,140","$958,535","$174,140","$43,535",4.50%
Ethan Driskell,RT,Chiefs,"$2,870,000","$956,667","$265,000","$88,333",9.20%
Dalton Tucker,RG,Colts,"$2,870,000","$956,667","$240,000","$80,000",8.40%
Connor Heyward,TE,Steelers,"$3,815,224","$953,806","$155,224","$38,806",4.10%
Xavier Weaver,WR,Cardinals,"$2,860,000","$953,333","$255,000","$85,000",8.90%
Frank Crum,RT,Broncos,"$2,855,000","$951,667","$275,000","$91,667",9.60%
Brevyn Spann-Ford,TE,Cowboys,"$2,850,000","$950,000","$245,000","$81,667",8.60%
Andrew Meyer,C,Dolphins,"$2,845,000","$948,333","$90,000","$30,000",3.20%
British Brooks,RB,Texans,"$2,845,000","$948,333","$240,000","$80,000",8.40%
Ko Kieft,TE,Buccaneers,"$3,792,012","$948,003","$132,012","$33,003",3.50%
Kameron Johnson,WR,Buccaneers,"$2,840,000","$946,667","$10,000","$3,333",0.40%
Colson Yankoff,RB,Commanders,"$2,840,000","$946,667","$50,000","$16,667",1.80%
Mason Tipton,WR,Saints,"$2,840,000","$946,667","$110,000","$36,667",3.90%
David Martin-Robinson,TE,Titans,"$2,837,500","$945,833","$17,500","$5,833",0.60%
Jalen Sundell,LT,Seahawks,"$2,830,000","$943,333",$0,$0,0.00%
Chris Paul,LG,Commanders,"$3,764,448","$941,112","$104,448","$26,112",2.80%
Dareke Young,WR,Seahawks,"$3,761,100","$940,275","$101,100","$25,275",2.70%
Rasheed Walker,LT,Packers,"$3,740,876","$935,219","$80,876","$20,219",2.20%
Isiah Pacheco,RB,Chiefs,"$3,739,108","$934,777","$79,108","$19,777",2.10%
Gage Larvadain,WR,Browns,"$1,845,000","$922,500",$0,$0,0.00%
Esa Pole,LT,Chiefs,"$1,845,000","$922,500",$0,$0,0.00%
Corey Kiner,RB,Cardinals,"$1,845,000","$922,500",$0,$0,0.00%
William Sherman,LG,Saints,"$1,845,000","$922,500",$0,$0,0.00%
Jeremiah Byers,RT,Browns,"$1,845,000","$922,500",$0,$0,0.00%
Luke Haggard,LT,Buccaneers,"$1,845,000","$922,500",$0,$0,0.00%
Kedon Slovis,QB,Cardinals,"$1,845,000","$922,500",$0,$0,0.00%
Ke'Shawn Williams,WR,Steelers,"$1,845,000","$922,500",$0,$0,0.00%
Cameron Latu,TE,Eagles,"$1,845,000","$922,500",$0,$0,0.00%
Brandon Crenshaw-Dickson,RT,Titans,"$1,845,000","$922,500",$0,$0,0.00%
Brady Cook,QB,Jets,"$1,845,000","$922,500",$0,$0,0.00%
Carter Runyon,TE,Raiders,"$1,845,000","$922,500",$0,$0,0.00%
Dylan Drummond,WR,Falcons,"$1,845,000","$922,500",$0,$0,0.00%
CJ Dippre,TE,Patriots,"$1,845,000","$922,500",$0,$0,0.00%
Bryce Ford-Wheaton,WR,Giants,"$2,715,000","$905,000","$236,000","$78,667",8.70%
Alex Palczewski,LT,Broncos,"$2,715,000","$905,000","$80,000","$26,667",2.90%
Keaton Mitchell,RB,Ravens,"$2,713,000","$904,333","$73,000","$24,333",2.70%
Jaleel McLaughlin,RB,Broncos,"$2,710,000","$903,333","$55,000","$18,333",2.00%
Emari Demercado,RB,Cardinals,"$2,710,000","$903,333","$70,000","$23,333",2.60%
Julian Hill,TE,Dolphins,"$2,707,500","$902,500","$42,500","$14,167",1.60%
T.J. Bass,RG,Cowboys,"$2,705,000","$901,667","$150,000","$50,000",5.50%
Jake Bobo,WR,Seahawks,"$2,705,000","$901,667","$10,000","$3,333",0.40%
Ben Sims,TE,Vikings,"$2,705,000","$901,667","$110,000","$36,667",4.10%
Nate Adkins,TE,Broncos,"$2,705,000","$901,667","$75,000","$25,000",2.80%
Malik Heath,WR,Falcons,"$2,704,000","$901,333","$9,000","$3,000",0.30%
Sean Tucker,RB,Buccaneers,"$2,700,000","$900,000","$155,000","$51,667",5.70%
Justin Dedich,C,Rams,"$1,755,000","$877,500",$0,$0,0.00%
Jalen Coker,WR,Panthers,"$1,755,000","$877,500",$0,$0,0.00%
Jack Westover,TE,Patriots,"$1,755,000","$877,500",$0,$0,0.00%
Tyler Badie,RB,Broncos,"$1,755,000","$877,500",$0,$0,0.00%
George Holani,RB,Seahawks,"$1,755,000","$877,500",$0,$0,0.00%
Bryce Oliver,WR,Titans,"$1,755,000","$877,500",$0,$0,0.00%
Ryan Miller,WR,Giants,"$1,755,000","$877,500",$0,$0,0.00%
Xavier Smith,WR,Rams,"$1,755,000","$877,500",$0,$0,0.00%
Nikko Remigio,WR,Chiefs,"$1,755,000","$877,500",$0,$0,0.00%
Zaire Mitchell-Paden,TE,Saints,"$840,000","$840,000",$0,$0,0.00%
Emory Jones,QB,Falcons,"$840,000","$840,000",$0,$0,0.00%
Connor Bazelak,QB,Buccaneers,"$840,000","$840,000",$0,$0,0.00%
Mason Pline,TE,Saints,"$840,000","$840,000",$0,$0,0.00%
Obinna Eze,LT,Dolphins,"$840,000","$840,000",$0,$0,0.00%
Josh Cephus,WR,Jaguars,"$840,000","$840,000",$0,$0,0.00%
Theo Benedet,RT,Bears,"$840,000","$840,000",$0,$0,0.00%
Dayton Wade,WR,Ravens,"$840,000","$840,000",$0,$0,0.00%
Jacob Saylors,RB,Lions,"$840,000","$840,000",$0,$0,0.00%
Will Putnam,C,Raiders,"$840,000","$840,000",$0,$0,0.00%
Corey Bullock,C,Ravens,"$840,000","$840,000",$0,$0,0.00%
Donovan Jennings,RT,Packers,"$840,000","$840,000",$0,$0,0.00%
Garrett Dellinger,LT,Browns,"$840,000","$840,000",$0,$0,0.00%
Brycen Tremayne,WR,Panthers,"$840,000","$840,000",$0,$0,0.00%
Dalen Cambre,WR,Giants,"$840,000","$840,000",$0,$0,0.00%
Zavier Scott,WR,Vikings,"$840,000","$840,000",$0,$0,0.00%