,,,,,,,Receiving,,,,,,,,,,,,,,,
Rk,Player,Age,Team,Pos,G,GS,Tgt,Rec,Yds,1D,YBC,YBC/R,YAC,YAC/R,ADOT,BrkTkl,Rec/Br,Drop,Drop%,Int,Rat,Awards
1,Trey McBride,26,ARI,TE,14,14,140,*105*,1071,57,573,5.5,498,4.7,6.9,9,11.7,1,0.7,0,120.3,
2,Puka Nacua,24,LAR,WR,13,12,129,102,1367,*66*,880,8.6,487,4.8,9.6,8,12.8,3,2.3,1,123.1,
3,Ja'Marr Chase,25,CIN,WR,13,13,*155*,101,1147,56,630,6.2,517,5.1,8.7,5,20.2,4,2.6,5,84.5,
4,Jaxon Smith-Njigba,23,SEA,WR,14,14,130,96,*1541*,*66*,1087,11.3,454,4.7,11.7,3,32,4,3.1,3,126.5,
5,Amon-Ra St. Brown,26,DET,WR,14,14,135,94,1140,56,677,7.2,463,4.9,8.1,3,31.3,8,5.9,3,113.2,
6,Christian McCaffrey,29,SFO,RB,14,14,108,86,820,42,166,1.9,654,7.6,2.3,10,8.6,7,6.5,2,106,
7,Chris Olave,25,NOR,WR,14,14,129,82,896,41,696,8.5,200,2.4,11.4,2,41,5,3.9,4,86.6,
8,George Pickens,24,DAL,WR,14,12,120,81,1212,64,813,10,399,4.9,11.5,4,20.3,4,3.3,3,112.2,
9,Wan'Dale Robinson,24,NYG,WR,14,13,120,78,882,34,539,6.9,343,4.4,8.7,4,19.5,4,3.3,2,91,
10,Jake Ferguson,26,DAL,TE,14,7,94,77,570,27,269,3.5,301,3.9,4.7,6,12.8,2,2.1,1,112.3,
11,Kyle Pitts,25,ATL,TE,14,14,97,73,797,39,441,6,356,4.9,7.5,1,73,2,2.1,2,104.2,
12,Michael Pittman Jr.,28,IND,WR,14,13,99,72,725,44,480,6.7,245,3.4,8,3,24,5,5.1,5,95.7,
13,Zay Flowers,25,BAL,WR,14,14,100,71,959,38,587,8.3,372,5.2,10.1,9,7.9,7,7,2,99.5,
14,Dalton Schultz,29,HOU,TE,14,4,93,70,650,34,356,5.1,294,4.2,6.4,2,35,2,2.2,0,101.1,
15,Keenan Allen,33,LAC,WR,14,3,101,68,680,42,493,7.3,187,2.8,8.4,3,22.7,5,5,2,91.2,
16,Stefon Diggs,32,NWE,WR,14,14,83,67,731,38,483,7.2,248,3.7,8.3,1,67,3,3.6,2,105.4,
17,Travis Kelce,36,KAN,TE,14,14,92,67,797,42,388,5.8,409,6.1,6.8,1,67,7,7.6,4,98.9,
18,Harold Fannin,21,CLE,TE,14,11,99,66,667,29,337,5.1,330,5,6,6,11,4,4,2,90.8,
19,Justin Jefferson,26,MIN,WR,14,14,117,66,832,37,483,7.3,349,5.3,11,4,16.5,2,1.7,10,48.8,
20,DeVonta Smith,27,PHI,WR,14,13,96,66,889,37,630,9.5,259,3.9,11.9,0,,2,2.1,1,104,
21,Michael Wilson,25,ARI,WR,14,10,105,66,766,41,577,8.7,189,2.9,11.4,3,22,1,1,3,85.7,
22,Deebo Samuel,29,WAS,WR,13,9,86,65,604,27,249,3.8,355,5.5,5.3,4,16.3,6,7,2,104,
23,A.J. Brown,28,PHI,WR,13,13,102,64,840,38,626,9.8,214,3.3,12.1,5,12.8,1,1,3,99.3,
24,Nico Collins,26,HOU,WR,13,13,107,64,1001,42,698,10.9,303,4.7,12.3,3,21.3,1,0.9,1,105.7,
25,Bijan Robinson,23,ATL,RB,14,14,81,64,684,28,4,0.1,680,10.6,1.3,8,8,3,3.7,1,104.9,
26,CeeDee Lamb,26,DAL,WR,11,10,99,63,976,37,674,10.7,302,4.8,11.7,5,12.6,7,7.1,3,93.7,
27,Courtland Sutton,30,DEN,WR,14,14,100,63,886,44,689,10.9,197,3.1,12.2,2,31.5,5,5,3,99,
28,Tyler Warren,23,IND,TE,14,9,90,63,718,35,294,4.7,424,6.7,5.3,4,15.8,2,2.2,0,108.5,
29,Jahmyr Gibbs,23,DET,RB,14,14,73,62,494,22,-29,-0.5,523,8.4,0.2,5,12.4,3,4.1,0,108.6,
30,Juwan Johnson,29,NOR,TE,14,7,84,62,644,32,359,5.8,285,4.6,6.9,2,31,6,7.1,0,107.4,
31,Khalil Shakir,25,BUF,WR,14,9,83,62,650,26,163,2.6,487,7.9,4,6,10.3,2,2.4,2,103,
32,De'Von Achane,24,MIA,RB,14,14,79,61,450,22,-59,-1,509,8.3,0.5,7,8.7,5,6.3,2,96.5,
33,Ladd McConkey,24,LAC,WR,14,10,98,61,715,32,421,6.9,294,4.8,9.7,5,12.2,6,6.1,5,80.1,
34,Davante Adams,33,LAR,WR,14,14,114,60,789,51,672,11.2,117,2,12.6,0,,5,4.4,1,110.7,
35,Drake London,24,ATL,WR,9,9,94,60,810,39,587,9.8,223,3.7,10.3,0,,0,0,1,108,
36,Jakobi Meyers,29,2TM,WR,13,10,87,60,707,36,443,7.4,264,4.4,9.1,4,15,2,2.3,6,76.2,
36,Jakobi Meyers,29,LVR,WR,7,6,49,33,352,15,199,6,153,4.6,8.8,4,8.3,1,2,4,54.1,
36,Jakobi Meyers,29,JAX,WR,6,4,38,27,355,21,244,9,111,4.1,9.6,0,,1,2.6,2,104.6,
37,Brock Bowers,23,LVR,TE,11,7,81,59,647,34,354,6,293,5,6.7,3,19.7,4,4.9,3,105.3,
38,Tetairoa McMillan,22,CAR,WR,14,14,102,59,851,47,607,10.3,244,4.1,11.3,2,29.5,7,6.9,4,88.3,
39,Jaylen Waddle,27,MIA,WR,14,14,90,59,838,44,635,10.8,203,3.4,12.9,4,14.8,4,4.4,6,90,
40,Chase Brown,25,CIN,RB,14,14,75,58,336,13,-2,0,338,5.8,0.6,7,8.3,5,6.7,2,83,
41,Emeka Egbuka,23,TAM,WR,14,12,117,58,870,33,562,9.7,308,5.3,12,1,58,9,7.7,1,87.9,
42,Troy Franklin,22,DEN,WR,14,7,94,57,626,29,368,6.5,258,4.5,13.2,3,19,4,4.3,4,83.9,
43,Kenneth Gainwell,26,PIT,RB,14,2,65,57,332,15,-77,-1.4,409,7.2,-0.8,4,14.3,1,1.5,0,98.2,
44,Rashid Shaheed,27,2TM,WR,15,12,89,57,677,29,502,8.8,175,3.1,11.7,2,28.5,0,0,3,80.6,
44,Rashid Shaheed,27,NOR,WR,9,9,66,44,499,22,355,8.1,144,3.3,11.3,2,22,0,0,3,80.3,
44,Rashid Shaheed,27,SEA,WR,6,3,23,13,178,7,147,11.3,31,2.4,12.7,0,,0,0,0,81.4,
45,D.K. Metcalf,28,PIT,WR,14,14,90,55,808,35,412,7.5,396,7.2,10.4,4,13.8,4,4.4,4,94.1,
46,Dallas Goedert,30,PHI,TE,13,13,73,54,551,32,332,6.1,219,4.1,7.3,3,18,3,4.1,0,134.8,
47,Rashee Rice,25,KAN,WR,8,8,78,53,571,28,157,3,414,7.8,4.3,3,17.7,5,6.4,1,105.2,
48,Jameson Williams,24,DET,WR,14,12,81,52,936,41,546,10.5,390,7.5,13.5,4,13,8,9.9,1,127.4,
49,Zach Ertz,35,WAS,TE,13,13,72,50,504,25,381,7.6,123,2.5,9,1,50,5,6.9,2,96.1,
50,T.J. Hockenson,28,MIN,TE,14,14,65,50,436,22,218,4.4,218,4.4,5.2,2,25,3,4.6,0,109.5,
51,Ashton Jeanty,22,LVR,RB,14,14,64,49,266,11,-128,-2.6,394,8,-2,7,7,4,6.3,1,97.5,
52,Romeo Doubs,25,GNB,WR,14,13,76,47,578,34,446,9.5,132,2.8,12.1,2,23.5,3,3.9,1,101.8,
53,Josh Downs,24,IND,WR,13,8,70,47,406,28,304,6.5,102,2.2,6.5,1,47,2,2.9,1,95.3,
54,Hunter Henry,31,NWE,TE,14,14,72,46,628,34,356,7.7,272,5.9,8.3,1,46,3,4.2,2,103.2,
55,Tee Higgins,26,CIN,WR,12,12,81,46,667,33,523,11.4,144,3.1,13.2,5,9.2,2,2.5,1,115.6,
56,Cade Otton,26,TAM,TE,13,13,66,46,430,18,197,4.3,233,5.1,5.2,6,7.7,1,1.5,2,74.7,
57,Tre Tucker,24,LVR,WR,14,14,75,46,574,27,334,7.3,240,5.2,9.4,2,23,4,5.3,1,101.7,
58,Theo Johnson,24,NYG,TE,14,14,72,45,528,25,341,7.6,187,4.2,8.5,1,45,4,5.6,1,102.1,
59,George Kittle,32,SFO,TE,9,9,54,45,484,28,272,6,212,4.7,6.1,2,22.5,1,1.9,0,141,
60,Chigoziem Okonkwo,26,TEN,TE,14,10,59,45,459,20,202,4.5,257,5.7,4.9,4,11.3,3,5.1,1,91,
61,Jauan Jennings,28,SFO,WR,12,12,74,44,495,28,360,8.2,135,3.1,10.4,4,11,2,2.7,6,77.3,
62,Rome Odunze,23,CHI,WR,12,12,90,44,661,37,447,10.2,214,4.9,13.9,1,44,2,2.2,3,81.8,
63,Mason Taylor,21,NYJ,TE,13,11,65,44,369,23,236,5.4,133,3,5.9,0,,8,12.3,1,80.9,
64,AJ Barner,23,SEA,TE,14,14,56,43,413,21,197,4.6,216,5,4.4,1,43,1,1.8,2,105.7,
65,Oronde Gadsden II,22,LAC,TE,12,7,60,43,602,25,402,9.3,200,4.7,9.1,0,,4,6.7,2,100.8,
66,D.J. Moore,28,CHI,WR,14,14,71,43,567,28,361,8.4,206,4.8,11,4,10.8,3,4.2,0,109.3,
67,Marquise Brown,28,KAN,WR,13,5,62,42,494,26,353,8.4,141,3.4,10.8,3,14,2,3.2,2,105.2,
68,Quentin Johnston,24,LAC,WR,12,8,71,42,533,20,336,8,197,4.7,9.9,5,8.4,2,2.8,2,103.8,
69,Evan Engram,31,DEN,TE,13,1,64,41,359,17,105,2.6,254,6.2,4.2,2,20.5,7,10.9,0,84,
70,Gunnar Helm,23,TEN,TE,14,8,50,41,347,17,199,4.9,148,3.6,5.8,0,,2,4,0,108.9,
71,Cooper Kupp,32,SEA,WR,13,13,60,41,519,22,252,6.1,267,6.5,7.3,2,20.5,1,1.7,3,85.3,
72,Malik Washington,24,MIA,WR,14,4,57,41,284,14,54,1.3,230,5.6,4.1,5,8.2,1,1.8,2,79.9,
73,Mark Andrews,30,BAL,TE,14,10,60,40,359,22,274,6.9,85,2.1,7.4,1,40,3,5,3,89.5,
74,Marvin Harrison Jr.,23,ARI,WR,10,10,69,40,594,29,475,11.9,119,3,12.3,3,13.3,4,5.8,2,93.5,
75,Jerry Jeudy,26,CLE,WR,14,13,89,40,519,26,365,9.1,154,3.9,12.2,0,,10,11.2,6,43.2,
76,Sam LaPorta,24,DET,TE,9,9,49,40,489,23,215,5.4,274,6.9,5.7,5,8,0,0,0,128.7,
77,Xavier Worthy,22,KAN,WR,12,11,67,40,491,20,316,7.9,175,4.4,11.9,2,20,0,0,1,81.1,
78,Jordan Addison,23,MIN,WR,11,10,72,39,576,25,439,11.3,137,3.5,13.6,1,39,6,8.3,4,71.3,
79,Mack Hollins,32,NWE,WR,14,12,56,39,481,25,378,9.7,103,2.6,13.2,0,,0,0,2,92.9,
80,Colston Loveland,21,CHI,TE,13,9,54,39,498,25,300,7.7,198,5.1,9.3,4,9.8,0,0,0,125.4,
81,Alec Pierce,25,IND,WR,12,11,68,39,785,34,659,16.9,126,3.2,18.9,1,39,0,0,2,95.5,
82,Sterling Shepard,32,TAM,WR,13,2,53,39,371,18,222,5.7,149,3.8,8.5,2,19.5,0,0,0,98.9,
83,Brian Thomas,23,JAX,WR,11,11,76,39,601,27,458,11.7,143,3.7,14.6,1,39,10,13.2,1,81.1,
84,Parker Washington,23,JAX,WR,13,6,66,39,500,25,382,9.8,118,3,12.2,4,9.8,4,6.1,2,85.4,
85,Chimere Dike,24,TEN,WR,14,7,60,38,301,14,108,2.8,193,5.1,7.6,0,,1,1.7,2,78.5,
86,Jonathan Taylor,26,IND,RB,14,14,44,38,318,13,-58,-1.5,376,9.9,-0.9,7,5.4,4,9.1,0,111.9,
87,Saquon Barkley,28,PHI,RB,14,14,48,37,273,11,-23,-0.6,296,8,0.8,2,18.5,2,4.2,0,103.9,
88,RJ Harvey,24,DEN,RB,14,5,43,37,247,13,-9,-0.2,256,6.9,0.5,3,12.3,4,9.3,0,121.6,
89,Olamide Zaccheaus,28,CHI,WR,14,5,60,37,280,14,158,4.3,122,3.3,6.4,1,37,4,6.7,1,77.1,
90,Luther Burden,22,CHI,WR,13,3,47,36,479,18,227,6.3,252,7,7.7,1,36,2,4.3,0,115.5,
91,Keon Coleman,22,BUF,WR,12,6,55,36,355,24,285,7.9,70,1.9,11.1,1,36,2,3.6,2,92.6,
92,Jayden Higgins,23,HOU,WR,14,9,56,36,397,23,321,8.9,76,2.1,11.8,1,36,2,3.6,1,101.6,
93,Dalton Kincaid,26,BUF,TE,10,3,45,36,523,25,281,7.8,242,6.7,9.2,1,36,1,2.2,0,152.1,
94,Garrett Wilson,25,NYJ,WR,7,7,59,36,395,18,295,8.2,100,2.8,9.1,3,12,3,5.1,2,89.3,
95,TreVeyon Henderson,23,NWE,RB,14,4,41,34,212,7,-25,-0.7,237,7,0,3,11.3,2,4.9,0,96.3,
96,Rachaad White,26,TAM,RB,14,8,39,34,178,8,-94,-2.8,272,8,-2.2,4,8.5,0,0,0,85.7,
97,Kendrick Bourne,30,SFO,WR,13,7,46,33,499,24,343,10.4,156,4.7,11,1,33,5,10.9,1,98,
98,Noah Fant,28,CIN,TE,13,6,39,33,283,13,115,3.5,168,5.1,3.6,1,33,1,2.6,0,122.5,
99,Ryan Flournoy,26,DAL,WR,14,2,47,33,389,24,228,6.9,161,4.9,8.6,2,16.5,1,2.1,1,107.5,
100,Josh Jacobs,27,GNB,RB,13,13,41,33,270,8,-16,-0.5,286,8.7,-0.8,5,6.6,1,2.4,0,102.2,
101,Alvin Kamara,30,NOR,RB,11,11,39,33,186,7,-16,-0.5,202,6.1,0.8,2,16.5,2,5.1,0,86.5,
102,David Njoku,29,CLE,TE,12,11,48,33,293,11,133,4,160,4.8,5.3,3,11,1,2.1,2,95.2,
103,Jaylen Warren,27,PIT,RB,13,12,38,33,292,12,-74,-2.2,366,11.1,-2,5,6.6,1,2.6,0,116.2,
104,Javonte Williams,25,DAL,RB,14,14,46,33,128,7,-63,-1.9,191,5.8,-1.3,0,,0,0,0,88.9,
105,Breece Hall,24,NYJ,RB,14,14,42,32,323,11,41,1.3,282,8.8,1,1,32,2,4.8,0,105.6,
106,Tucker Kraft,25,GNB,TE,8,8,44,32,489,22,145,4.5,344,10.8,4.7,6,5.3,3,6.8,0,148.6,
107,Jonnu Smith,30,PIT,TE,14,5,46,32,202,9,33,1,169,5.3,4.1,2,16,2,4.3,0,92.8,
108,Tyjae Spears,24,TEN,RB,10,0,36,32,203,7,-37,-1.2,240,7.5,-1,6,5.3,1,2.8,0,90.2,
109,Brenton Strange,25,JAX,TE,9,9,42,32,395,19,223,7,172,5.4,7.7,2,16,3,7.1,0,112.7,
110,Elic Ayomanor,22,TEN,WR,13,12,68,31,370,22,282,9.1,88,2.8,12,0,,5,7.4,2,65.2,
111,James Cook,26,BUF,RB,14,14,34,31,271,10,18,0.6,253,8.2,0.7,3,10.3,1,2.9,0,119.5,
112,Pat Freiermuth,27,PIT,TE,14,5,40,31,352,14,158,5.1,194,6.3,5.8,2,15.5,0,0,1,126.2,
113,Colby Parkinson,26,LAR,TE,12,7,38,31,298,21,99,3.2,199,6.4,3.4,2,15.5,0,0,2,117,
114,Ricky Pearsall,25,SFO,WR,8,8,45,31,443,24,386,12.5,57,1.8,14.4,0,,0,0,4,63.5,
115,Kayshon Boutte,23,NWE,WR,12,9,39,30,511,24,477,15.9,34,1.1,16,1,30,1,2.6,1,147.2,
116,Rico Dowdle,27,CAR,RB,14,8,37,30,259,13,-37,-1.2,296,9.9,-1,2,15,1,2.7,1,93.6,
117,Xavier Legette,24,CAR,WR,12,11,56,30,326,15,258,8.6,68,2.3,9.6,0,,2,3.6,3,66.5,
118,Darius Slayton,28,NYG,WR,11,10,49,30,460,17,288,9.6,172,5.7,14.7,1,30,4,8.2,0,99,
119,Greg Dortch,27,ARI,WR,12,3,33,29,206,10,12,0.4,194,6.7,1.8,4,7.3,1,3,0,123,
120,Travis Etienne,26,JAX,RB,14,14,43,29,254,11,-36,-1.2,290,10,-1.2,3,9.7,5,11.6,0,121.7,
121,Marvin Mims,23,DEN,WR,12,2,41,29,276,12,106,3.7,170,5.9,11.5,3,9.7,1,2.4,0,97.2,
122,D'Andre Swift,26,CHI,RB,13,13,41,29,254,10,-63,-2.2,317,10.9,-0.8,0,,3,7.3,0,95,
123,Michael Carter,26,ARI,RB,10,2,36,28,232,11,11,0.4,221,7.9,1.9,7,4,2,5.6,0,93.5,
124,Travis Hunter,22,JAX,WR,7,4,45,28,298,12,158,5.6,140,5,7.8,3,9.3,2,4.4,2,70.4,
125,Dawson Knox,29,BUF,TE,14,10,40,28,353,18,191,6.8,162,5.8,6.8,0,,1,2.5,2,101.4,
126,Tony Pollard,28,TEN,RB,14,14,36,28,179,9,15,0.5,164,5.9,0.6,2,14,2,5.6,1,75.8,
127,Dylan Sampson,21,CLE,RB,13,1,34,28,259,8,-26,-0.9,285,10.2,-1.2,2,14,0,0,0,118,
128,Christian Watson,26,GNB,WR,8,8,43,28,481,21,390,13.9,91,3.3,19.4,0,,0,0,2,122.3,
129,Tyler Lockett,33,2TM,WR,14,2,45,28,271,13,193,6.9,78,2.8,7.8,1,28,1,2.2,0,79,
129,Tyler Lockett,33,TEN,WR,7,1,21,10,70,3,42,4.2,28,2.8,7.3,0,,1,4.8,0,55.7,
129,Tyler Lockett,33,LVR,WR,7,1,24,18,201,10,151,8.4,50,2.8,8.3,1,18,0,0,0,99.5,
130,Calvin Austin III,26,PIT,WR,12,7,47,27,309,11,191,7.1,118,4.4,10.4,2,13.5,2,4.3,3,64.9,
131,Demario Douglas,25,NWE,WR,14,0,39,27,402,16,242,9,160,5.9,9.8,1,27,2,5.1,0,128.4,
132,Matthew Golden,22,GNB,WR,11,4,37,27,341,15,249,9.2,92,3.4,13.2,0,,0,0,1,90,
133,Xavier Hutchinson,25,HOU,WR,14,4,43,27,319,15,224,8.3,95,3.5,10.6,3,9,1,2.3,1,98.9,
134,Ja'Tavion Sanders,22,CAR,TE,11,4,32,27,181,7,98,3.6,83,3.1,4.9,1,27,1,3.1,0,90.2,
135,JuJu Smith-Schuster,29,KAN,WR,14,9,36,27,304,17,127,4.7,177,6.6,6.1,3,9,2,5.6,2,85.9,
136,Dontayvion Wicks,24,GNB,WR,12,7,43,27,313,20,250,9.3,63,2.3,11.7,2,13.5,2,4.7,2,80.9,
137,Kyren Williams,25,LAR,RB,14,14,36,27,207,9,94,3.5,113,4.2,2.7,1,27,1,2.8,0,116.3,
138,Adonai Mitchell,23,2TM,WR,13,3,56,27,388,14,320,11.9,68,2.5,15.8,0,,2,3.6,4,53.3,
138,Adonai Mitchell,23,IND,WR,8,1,16,9,152,2,101,11.2,51,5.7,16.1,0,,0,0,1,62.5,
138,Adonai Mitchell,23,NYJ,WR,5,2,40,18,236,12,219,12.2,17,0.9,15.6,0,,2,5,3,49.6,
139,Jerome Ford,26,CLE,RB,13,0,32,26,103,4,-51,-2,154,5.9,-1.5,2,13,3,9.4,0,80.1,
140,Andrei Iosivas,26,CIN,WR,14,7,48,26,363,18,278,10.7,85,3.3,10.6,1,26,5,10.4,2,75.3,
141,Terry McLaurin,30,WAS,WR,7,7,45,26,409,22,337,13,72,2.8,14.5,6,4.3,1,2.2,1,101.1,
142,Jalen Nailor,26,MIN,WR,14,7,47,26,395,21,297,11.4,98,3.8,12.8,2,13,0,0,4,76.1,
143,Jake Tonges,26,SFO,TE,14,1,35,26,226,14,97,3.7,129,5,4.6,1,26,0,0,0,129,
144,Darnell Washington,24,PIT,TE,14,11,37,26,313,14,116,4.5,197,7.6,5.7,1,26,3,8.1,1,93.6,
145,John Metchie,25,2TM,WR,13,4,36,26,209,12,101,3.9,108,4.2,5.4,1,26,2,5.6,1,93.4,
145,John Metchie,25,PHI,WR,7,0,4,4,18,2,6,1.5,12,3,1.5,0,,0,0,0,85.4,
145,John Metchie,25,NYJ,WR,6,4,32,22,191,10,95,4.3,96,4.4,5.9,1,22,2,6.3,1,92.1,
146,Darnell Mooney,28,ATL,WR,12,12,60,25,364,21,304,12.2,60,2.4,14.1,0,,5,8.3,0,67.6,
147,Tyrone Tracy Jr.,26,NYG,RB,12,8,34,25,230,10,-13,-0.5,243,9.7,-0.5,4,6.3,2,5.9,0,101.3,
148,Devaughn Vele,28,NOR,WR,13,7,39,25,293,19,259,10.4,34,1.4,11.1,0,,0,0,0,103.9,
149,Chuba Hubbard,26,CAR,RB,12,6,33,24,203,11,-56,-2.3,259,10.8,-0.8,3,8,4,12.1,0,118.6,
150,Bucky Irving,23,TAM,RB,7,6,27,24,250,10,-64,-2.7,314,13.1,-1.7,6,4,0,0,0,142.3,
151,Van Jefferson,29,TEN,WR,14,6,47,24,280,14,207,8.6,73,3,11.9,0,,0,0,0,76.6,
152,Tez Johnson,23,TAM,WR,13,8,40,24,287,14,185,7.7,102,4.3,12.2,1,24,2,5,0,121.6,
153,Cole Kmet,26,CHI,TE,13,12,39,24,301,14,189,7.9,112,4.7,9.9,1,24,2,5.1,1,91.9,
154,Cam Skattebo,23,NYG,RB,8,5,32,24,207,11,-2,-0.1,209,8.7,-0.2,4,6,0,0,0,112.4,
155,Omarion Hampton,22,LAC,RB,7,5,25,23,151,6,-31,-1.3,182,7.9,-1.3,2,11.5,0,0,0,105.2,
156,Tre Harris,23,LAC,WR,14,8,31,23,234,12,136,5.9,98,4.3,8.2,1,23,0,0,1,92.7,
157,Aaron Jones,31,MIN,RB,10,10,34,23,181,9,-22,-1,203,8.8,-0.3,0,,2,5.9,0,90.4,
158,Rhamondre Stevenson,27,NWE,RB,11,10,27,23,241,6,45,2,196,8.5,3.7,0,,0,0,0,103.9,
159,KaVontae Turpin,29,DAL,WR,12,2,32,23,296,15,136,5.9,160,7,5.9,1,23,4,12.5,1,97.9,
160,Davis Allen,24,LAR,TE,14,2,27,22,174,11,56,2.5,118,5.4,3.6,2,11,1,3.7,0,130.6,
161,Pat Bryant,23,DEN,WR,13,6,36,22,305,18,192,8.7,113,5.1,8.9,1,22,2,5.6,2,74.4,
162,Jalen Coker,24,CAR,WR,8,2,29,22,284,17,211,9.6,73,3.3,10.4,1,22,0,0,1,114.7,
163,Christian Kirk,29,HOU,WR,10,2,40,22,204,9,113,5.1,91,4.1,7.7,1,22,2,5,3,46.2,
164,Zonovan Knight,24,ARI,RB,12,8,31,22,160,10,9,0.4,151,6.9,1.2,1,22,1,3.2,0,93.5,
165,Isaiah Likely,25,BAL,TE,11,7,31,22,248,8,149,6.8,99,4.5,8,1,22,1,3.2,0,105.3,
166,Michael Mayer,24,LVR,TE,10,9,32,22,182,11,62,2.8,120,5.5,4.1,1,22,1,3.1,2,67.4,
167,Jaylin Noel,23,HOU,WR,14,3,30,22,225,11,139,6.3,86,3.9,8.1,0,,1,3.3,1,91.7,
168,Tommy Tremble,25,CAR,TE,14,13,31,22,199,7,58,2.6,141,6.4,4.4,0,,2,6.5,0,98.7,
169,Kenneth Walker III,25,SEA,RB,14,14,27,22,176,8,-24,-1.1,200,9.1,-0.3,5,4.4,2,7.4,0,93.8,
170,Mike Gesicki,30,CIN,TE,10,1,34,21,212,13,171,8.1,41,2,9.7,0,,1,2.9,3,52.6,
171,Justice Hill,28,BAL,RB,10,0,27,21,169,6,-15,-0.7,184,8.8,-0.2,5,4.2,0,0,0,105.1,
172,Tyreek Hill,31,MIA,WR,4,4,29,21,265,17,208,9.9,57,2.7,13.4,0,,0,0,1,97.6,
173,Quinshon Judkins,22,CLE,RB,13,13,30,21,142,5,-20,-1,162,7.7,-0.5,0,,0,0,0,80.1,
174,Kyle Juszczyk,34,SFO,FB,14,14,24,21,194,9,91,4.3,103,4.9,4.5,1,21,0,0,0,114.2,
175,Woody Marks,25,HOU,RB,14,6,31,21,204,7,-11,-0.5,215,10.2,1.6,3,7,2,6.5,0,118.2,
176,David Montgomery,28,DET,RB,14,0,26,21,164,9,-2,-0.1,166,7.9,0.7,0,,0,0,0,92.9,
177,Luke Musgrave,25,GNB,TE,14,9,28,21,214,9,154,7.3,60,2.9,8.5,0,,1,3.6,0,96.4,
178,Mike Evans,32,TAM,WR,5,5,44,20,272,16,244,12.2,28,1.4,13.9,0,,2,4.5,1,63.8,
179,Chris Godwin,29,TAM,WR,6,4,36,20,214,12,100,5,114,5.7,7.7,1,20,1,2.8,1,70.8,
180,Tyler Higbee,32,LAR,TE,9,7,30,20,190,12,61,3.1,129,6.5,4.3,0,,2,6.7,0,106.2,
181,Elijah Higgins,25,ARI,TE,14,8,25,20,182,8,47,2.4,135,6.8,3.2,4,5,0,0,1,80.3,
182,Jeremy Ruckert,25,NYJ,TE,14,12,23,20,163,8,71,3.6,92,4.6,3.7,0,,1,4.3,0,110.7,
183,Darren Waller,33,MIA,TE,7,2,26,20,243,16,173,8.7,70,3.5,10.4,0,,0,0,0,144.7,
184,Brandin Cooks,32,2TM,WR,13,5,29,20,178,11,141,7.1,37,1.9,12.2,0,,2,6.9,0,85.1,
184,Brandin Cooks,32,NOR,WR,10,3,25,19,165,10,128,6.7,37,1.9,9.2,0,,1,4,0,92.9,
184,Brandin Cooks,32,BUF,WR,3,2,4,1,13,1,13,13,0,0,30.5,0,,1,25,0,40.6,
185,Dyami Brown,26,JAX,WR,12,6,36,19,219,12,188,9.9,31,1.6,14.2,0,,5,13.9,1,69.1,
186,Ty Johnson,28,BUF,RB,14,0,27,19,210,9,-36,-1.9,246,12.9,-1.2,3,6.3,2,7.4,0,105.5,
187,Jeremy McNichols,30,WAS,RB,14,1,24,19,167,9,-23,-1.2,190,10,-0.8,2,9.5,1,4.2,1,78.3,
188,Josh Palmer,26,BUF,WR,9,6,31,19,288,13,243,12.8,45,2.4,13,0,,0,0,2,65,
189,Brashard Smith,22,KAN,RB,14,0,26,19,161,6,-41,-2.2,202,10.6,-0.7,0,,1,3.8,0,88.8,
190,Tyquan Thornton,25,KAN,WR,14,4,37,19,438,15,379,19.9,59,3.1,26.9,0,,3,8.1,0,121.2,
191,Rashod Bateman,26,BAL,WR,11,10,35,18,217,12,181,10.1,36,2,12.4,0,,3,8.6,1,77.9,
192,Jack Bech,23,LVR,WR,14,4,24,18,181,10,130,7.2,51,2.8,8.2,1,18,1,4.2,1,78.6,
193,DeAndre Hopkins,33,BAL,WR,14,3,31,18,289,12,229,12.7,60,3.3,14.3,0,,0,0,0,110.8,
194,Malik Nabers,22,NYG,WR,4,4,35,18,271,11,219,12.2,52,2.9,15.9,0,,1,2.9,2,72.4,
195,Cedric Tillman,25,CLE,WR,10,7,35,18,197,11,161,8.9,36,2,11.3,0,,1,2.9,2,63.6,
196,Noah Gray,26,KAN,TE,13,5,31,17,146,7,54,3.2,92,5.4,6.5,0,,3,9.7,0,67.4,
197,Devin Neal,22,NOR,RB,10,3,19,17,104,4,-34,-2,138,8.1,-2,2,8.5,1,5.3,0,89.5,
198,Calvin Ridley,31,TEN,WR,7,6,36,17,303,13,219,12.9,84,4.9,12.8,0,,4,11.1,1,64.9,
199,Jordan Whittington,25,LAR,WR,14,6,24,17,152,6,72,4.2,80,4.7,6.6,1,17,2,8.3,0,87.5,
200,Tyler Badie,25,DEN,RB,13,0,26,16,111,7,-53,-3.3,164,10.3,-0.7,0,,4,15.4,0,71.2,
201,Isaiah Bond,21,CLE,WR,13,2,41,16,288,9,231,14.4,57,3.6,16.7,1,16,3,7.3,1,53.7,
202,Isaiah Davis,23,NYJ,RB,14,0,23,16,125,6,13,0.8,112,7,2.1,1,16,1,4.3,0,82.7,
203,Austin Hooper,31,NWE,TE,13,6,19,16,213,11,134,8.4,79,4.9,8.9,0,,0,0,0,130.9,
204,Tanner Hudson,31,CIN,TE,12,1,21,16,133,6,77,4.8,56,3.5,5.3,1,16,0,0,1,103.9,
205,Jaylin Lane,23,WAS,WR,14,3,32,16,225,10,186,11.6,39,2.4,13.3,0,,1,3.1,2,47,
206,Kalif Raymond,31,DET,WR,12,3,20,16,170,8,100,6.3,70,4.4,6.9,1,16,0,0,0,102.1,
207,Adam Trautman,28,DEN,TE,14,11,18,16,157,9,61,3.8,96,6,3.3,3,5.3,1,5.6,0,121.5,
208,Elijah Arroyo,22,SEA,TE,13,4,26,15,179,7,101,6.7,78,5.2,8.5,0,,1,3.8,3,52.1,
209,Daniel Bellinger,25,NYG,TE,13,7,21,15,237,12,150,10,87,5.8,10.9,0,,1,4.8,0,124.5,
210,Greg Dulcich,25,MIA,TE,7,1,20,15,200,9,85,5.7,115,7.7,5,0,,0,0,0,106.2,
211,Derrick Henry,31,BAL,RB,14,14,20,15,150,4,15,1,135,9,1,1,15,1,5,1,75,
212,Kareem Hunt,30,KAN,RB,14,4,21,15,122,8,-10,-0.7,132,8.8,0.4,2,7.5,1,4.8,1,81.8,
213,Hunter Renfrow,30,CAR,WR,6,2,26,15,89,8,65,4.3,24,1.6,7.5,0,,0,0,0,90.1,
214,Demarcus Robinson,31,SFO,WR,11,1,27,15,199,11,174,11.6,25,1.7,14.4,1,15,1,3.7,0,79.1,
215,Kimani Vidal,24,LAC,RB,11,9,21,15,138,6,-31,-2.1,169,11.3,-0.5,3,5,2,9.5,0,104.9,
216,Mitchell Evans,22,CAR,TE,14,7,18,14,138,8,55,3.9,83,5.9,4.1,0,,0,0,1,112.5,
217,David Sills V,29,ATL,WR,14,4,30,14,143,7,100,7.1,43,3.1,11.7,1,14,5,16.7,1,69.2,
218,Jalen Tolbert,26,DAL,WR,11,7,25,14,172,9,137,9.8,35,2.5,12.3,1,14,1,4,1,74.1,
219,Brock Wright,27,DET,TE,11,8,22,14,108,7,22,1.6,86,6.1,1,0,,0,0,1,86.9,
220,Trey Benson,23,ARI,RB,4,1,16,13,64,2,-9,-0.7,73,5.6,-1.4,1,13,0,0,1,57.3,
221,Jackson Hawes,25,BUF,TE,14,7,16,13,161,12,88,6.8,73,5.6,8.2,1,13,2,12.5,0,148.2,
222,Julian Hill,25,MIA,TE,11,10,17,13,116,5,22,1.7,94,7.2,3.4,0,,1,5.9,1,69.7,
223,Tory Horton,23,SEA,WR,8,3,22,13,161,7,128,9.8,33,2.5,15.3,1,13,0,0,0,121.4,
224,Jordan Mason,26,MIN,RB,14,4,15,13,45,1,-47,-3.6,92,7.1,-3.2,1,13,0,0,0,79.2,
225,Isiah Pacheco,26,KAN,RB,11,10,19,13,60,3,-23,-1.8,83,6.4,-1.5,1,13,3,15.8,0,89.8,
226,Tim Patrick,32,JAX,WR,13,2,21,13,172,9,127,9.8,45,3.5,11.4,1,13,2,9.5,1,107.5,
227,Devin Singletary,28,NYG,RB,14,1,14,13,127,3,7,0.5,120,9.2,0.4,4,3.3,1,7.1,0,104.5,
228,Ian Thomas,29,LVR,TE,13,8,13,13,114,5,42,3.2,72,5.5,3.2,0,,0,0,0,103.2,
229,Isaiah Williams,24,NYJ,WR,12,0,20,13,114,7,52,4,62,4.8,4.3,0,,3,15,0,80,
230,Emanuel Wilson,26,GNB,RB,14,1,15,13,87,4,-31,-2.4,118,9.1,-1.9,2,6.5,1,6.7,0,90.8,
231,Ameer Abdullah,32,IND,RB,10,0,13,12,67,2,-5,-0.4,72,6,-0.2,2,6,0,0,0,88.1,
232,Tyler Allgeier,25,ATL,RB,14,1,13,12,99,3,-14,-1.2,113,9.4,-1.5,1,12,1,7.7,0,98.4,
233,Chris Brooks,25,GNB,RB,14,0,15,12,80,2,-9,-0.8,89,7.4,0.5,1,12,1,6.7,0,88.9,
234,Nick Chubb,30,HOU,RB,13,8,19,12,58,1,0,0,58,4.8,0.5,1,12,2,10.5,0,67.4,
235,Jahan Dotson,25,PHI,WR,14,7,24,12,209,7,162,13.5,47,3.9,15.5,1,12,0,0,2,59.2,
236,John FitzPatrick,25,GNB,TE,14,4,14,12,72,4,15,1.3,57,4.8,1.7,0,,1,7.1,0,111.9,
237,Zay Jones,30,ARI,WR,8,0,18,12,183,7,147,12.3,36,3,13.4,0,,0,0,1,76.9,
238,Hunter Long,27,JAX,TE,9,3,17,12,85,5,54,4.5,31,2.6,4.1,0,,4,23.5,0,121,
239,Jayden Reed,25,GNB,WR,4,2,15,12,131,6,78,6.5,53,4.4,9,1,12,1,6.7,0,125.3,
240,Zavier Scott,26,MIN,RB,13,0,14,12,82,5,-2,-0.2,84,7,1.6,1,12,0,0,1,85.1,
241,Tyrell Shavers,26,BUF,WR,14,6,18,12,188,8,133,11.1,55,4.6,12.9,0,,0,0,0,119.7,
242,Brycen Tremayne,26,CAR,WR,13,1,15,12,133,6,87,7.3,46,3.8,8.5,1,12,0,0,0,103.6,
243,Roman Wilson,24,PIT,WR,12,4,21,12,166,7,100,8.3,66,5.5,13.2,0,,0,0,0,114.4,
244,Zach Charbonnet,24,SEA,RB,13,0,14,11,87,4,17,1.5,70,6.4,1.8,0,,1,7.1,0,92.6,
245,J.K. Dobbins,27,DEN,RB,10,9,14,11,37,0,-19,-1.7,56,5.1,-2.1,0,,1,7.1,0,79.2,
246,Luke Farrell,28,SFO,TE,14,4,14,11,85,6,33,3,52,4.7,2.9,1,11,0,0,0,131.5,
247,Luke McCaffrey,24,WAS,WR,9,0,15,11,203,6,134,12.2,69,6.3,14.5,0,,0,0,0,154.9,
248,Kyle Monangai,23,CHI,RB,14,1,21,11,97,5,-6,-0.5,103,9.4,-1,3,3.7,5,23.8,1,45.1,
249,Raheem Mostert,33,LVR,RB,11,0,11,11,67,6,-15,-1.4,82,7.5,-1.4,0,,0,0,0,92,
250,Samaje Perine,30,CIN,RB,12,1,13,11,53,3,-11,-1,64,5.8,-1.1,2,5.5,0,0,0,83.7,
251,Josh Reynolds,30,NYJ,WR,5,3,21,11,101,4,87,7.9,14,1.3,13.1,2,5.5,0,0,2,26.2,
252,Luke Schoonmaker,27,DAL,TE,14,7,20,11,105,5,44,4,61,5.5,7.9,1,11,1,5,0,69.8,
253,Xavier Smith,28,LAR,WR,13,3,14,11,173,5,113,10.3,60,5.5,14.9,0,,0,0,0,118.2,
254,Nick Westbrook-Ikhine,28,MIA,WR,14,3,20,11,89,8,61,5.5,28,2.5,5.4,1,11,2,10,1,45.6,
255,LeQuint Allen,21,JAX,RB,14,0,11,10,54,0,-7,-0.7,61,6.1,-1.4,0,,0,0,0,87.1,
256,Emari Demercado,26,ARI,RB,10,0,15,10,64,2,-7,-0.7,71,7.1,-0.5,2,5,1,6.7,0,97.6,
257,Tyler Johnson,27,NYJ,WR,10,5,16,10,187,8,127,12.7,60,6,12.8,3,3.3,2,12.5,0,123.7,
258,Allen Lazard,30,NYJ,WR,10,2,18,10,70,4,37,3.7,33,3.3,7.9,0,,1,5.6,1,60,
259,Hunter Luepke,25,DAL,RB,14,4,11,10,77,5,-11,-1.1,88,8.8,-0.5,0,,0,0,0,126.1,
260,Chris Moore,32,WAS,WR,11,5,22,10,192,9,146,14.6,46,4.6,14.7,0,,3,13.6,0,91.5,
261,Josh Oliver,28,MIN,TE,12,5,12,10,104,5,45,4.5,59,5.9,3.5,0,,0,0,0,142.4,
262,Jamari Thrash,25,CLE,WR,9,1,15,10,107,5,68,6.8,39,3.9,6.8,0,,0,0,0,87.4,
263,Bhayshul Tuten,22,JAX,RB,14,0,14,10,79,3,-1,-0.1,80,8,0.6,1,10,0,0,0,124.7,
264,Savion Williams,24,GNB,WR,11,0,10,10,78,3,17,1.7,61,6.1,1.7,1,10,0,0,0,132.5,
265,Adam Thielen,35,2TM,WR,13,6,20,10,80,6,67,6.7,13,1.3,7.6,0,,3,15,0,60.4,
265,Adam Thielen,35,MIN,WR,11,4,18,8,69,6,59,7.4,10,1.3,7.9,0,,3,16.7,0,55.1,
265,Adam Thielen,35,PIT,WR,2,2,2,2,11,0,8,4,3,1.5,4,0,,0,0,0,89.6,
266,Lil'Jordan Humphrey,27,2TM,WR,7,2,18,10,124,7,103,10.3,21,2.1,11.8,0,,0,0,0,95.6,
266,Lil'Jordan Humphrey,27,NYG,WR,3,2,10,4,55,2,53,13.3,2,0.5,14.6,0,,0,0,0,58.3,
266,Lil'Jordan Humphrey,27,DEN,WR,4,0,8,6,69,5,50,8.3,19,3.2,8.3,0,,0,0,0,140.1,
267,John Bates,28,WAS,TE,12,9,13,9,90,4,37,4.1,53,5.9,3.1,0,,1,7.7,0,88.6,
268,Tanner Conner,27,MIA,TE,9,0,15,9,91,3,52,5.8,39,4.3,6.5,0,,1,6.7,1,49.6,
269,Jacory Croskey-Merritt,24,WAS,RB,14,5,13,9,68,3,-9,-1,77,8.6,-1.5,0,,0,0,0,81.6,
270,Isaiah Hodgins,27,NYG,WR,4,3,15,9,107,6,98,10.9,9,1,10.8,0,,0,0,0,104,
271,Charlie Kolar,26,BAL,TE,14,5,13,9,124,8,82,9.1,42,4.7,7.2,1,9,0,0,1,107.1,
272,Elijah Moore,25,BUF,WR,9,2,17,9,112,4,54,6,58,6.4,8.4,1,9,1,5.9,1,49.1,
273,Drew Sample,29,CIN,TE,14,11,14,9,50,3,6,0.7,44,4.9,0.9,0,,0,0,0,94.3,
274,Cade Stover,25,HOU,TE,6,5,11,9,60,3,19,2.1,41,4.6,2.2,1,9,1,9.1,0,89.4,
275,James Conner,30,ARI,RB,3,3,9,8,38,4,-30,-3.8,68,8.5,-1,3,2.7,0,0,0,121.3,
276,Jimmy Horn,23,CAR,WR,10,0,12,8,84,3,31,3.9,53,6.6,7,1,8,1,8.3,0,86.8,
277,Johnny Mundt,31,JAX,TE,13,6,17,8,95,5,29,3.6,66,8.3,4.1,1,8,3,17.6,0,64.6,
278,Dare Ogunbowale,31,HOU,RB,14,0,10,8,68,3,15,1.9,53,6.6,2.3,0,,0,0,0,95,
279,Miles Sanders,28,DAL,RB,4,0,8,8,30,0,-14,-1.8,44,5.5,-1.8,0,,0,0,0,82.3,
280,Isaac TeSlaa,23,DET,WR,14,2,15,8,120,7,115,14.4,5,0.6,15,0,,0,0,0,119.4,
281,Dont'e Thornton,23,LVR,WR,12,7,25,8,123,6,88,11,35,4.4,15.9,0,,3,12,3,9.7,
282,Mitchell Tinsley,26,CIN,WR,14,3,23,8,116,6,100,12.5,16,2,14.3,0,,2,8.7,0,81.1,
283,Sean Tucker,24,TAM,RB,14,0,10,8,34,1,-15,-1.9,49,6.1,-1.4,1,8,1,10,0,114.2,
284,Gabriel Davis,26,BUF,WR,4,3,10,7,88,5,69,9.9,19,2.7,10.1,0,,0,0,1,57.5,
285,Dylan Drummond,25,ATL,WR,6,0,11,7,42,2,28,4,14,2,7.7,0,,0,0,0,71,
286,Gage Larvadain,23,CLE,WR,10,0,14,7,71,3,43,6.1,28,4,8.9,0,,2,14.3,1,35.1,
287,Keaton Mitchell,23,BAL,RB,10,0,10,7,56,2,-15,-2.1,71,10.1,-2.1,0,,1,10,1,44.2,
288,Brian Robinson Jr.,26,SFO,RB,14,0,10,7,19,0,-4,-0.6,23,3.3,0.4,0,,0,0,0,72.9,
289,Curtis Samuel,29,BUF,WR,6,0,9,7,81,5,54,7.7,27,3.9,16.1,0,,0,0,0,141.2,
290,Mason Tipton,25,NOR,WR,13,3,12,7,47,2,29,4.1,18,2.6,9.9,1,7,0,0,1,32.3,
291,Charlie Woerner,28,ATL,TE,14,11,8,7,45,2,15,2.1,30,4.3,1.8,2,3.5,0,0,0,90.1,
292,Ray-Ray McCloud,29,2TM,WR,6,2,15,7,69,4,23,3.3,46,6.6,5.6,0,,1,6.7,1,32.4,
292,Ray-Ray McCloud,29,ATL,WR,4,1,14,6,64,4,18,3,46,7.7,5.6,0,,1,7.1,1,27.1,
292,Ray-Ray McCloud,29,NYG,WR,2,1,1,1,5,0,5,5,0,0,5,0,,0,0,0,87.5,
293,Nate Adkins,26,DEN,TE,7,4,10,6,48,3,22,3.7,26,4.3,2.9,0,,3,30,0,105.4,
294,Braxton Berrios,30,HOU,WR,4,0,8,6,37,3,19,3.2,18,3,3,0,,0,0,0,83.9,
295,Grant Calcaterra,27,PHI,TE,12,5,9,6,52,3,24,4,28,4.7,6.3,0,,0,0,0,81.7,
296,Tyler Conklin,30,LAC,TE,12,5,9,6,95,3,40,6.7,55,9.2,4.6,1,6,2,22.2,0,101.6,
297,Malachi Corley,23,CLE,WR,10,4,7,6,44,2,-1,-0.2,45,7.5,-1,0,,0,0,0,92.9,
298,Blake Corum,25,LAR,RB,14,0,11,6,13,0,-10,-1.7,23,3.8,1.4,0,,2,18.2,0,60,
299,Terrance Ferguson,22,LAR,TE,12,1,17,6,144,5,110,18.3,34,5.7,19.6,0,,0,0,0,86.4,
300,Ollie Gordon,21,MIA,RB,14,1,8,6,30,1,-16,-2.7,46,7.7,-2,0,,1,12.5,0,119.8,
301,Malik Heath,25,GNB,WR,11,0,7,6,86,4,57,9.5,29,4.8,9.3,1,6,1,14.3,0,117.9,
302,Alec Ingold,29,MIA,FB,14,9,8,6,40,3,8,1.3,32,5.3,3.3,0,,1,12.5,0,85.4,
303,Foster Moreau,28,NOR,TE,10,8,9,6,54,2,19,3.2,35,5.8,1.6,1,6,2,22.2,1,43.1,
304,Adam Prentice,28,DEN,FB,14,3,8,6,53,3,10,1.7,43,7.2,1.1,0,,1,12.5,0,92.2,
305,Will Shipley,23,PHI,RB,12,0,8,6,42,1,8,1.3,34,5.7,0.1,0,,0,0,0,86.5,
306,Arian Smith,24,NYJ,WR,13,5,12,6,47,4,27,4.5,20,3.3,14.6,1,6,1,8.3,1,25.3,
307,Brevyn Spann-Ford,26,DAL,TE,14,5,8,6,29,1,15,2.5,14,2.3,6.1,0,,0,0,0,119.3,
308,Casey Washington,24,ATL,WR,7,2,14,6,94,6,82,13.7,12,2,18.7,0,,1,7.1,0,65.8,
309,Rasheen Ali,24,BAL,RB,12,0,6,5,58,2,-7,-1.4,65,13,1,1,5,0,0,1,106.9,
310,Mo Alie-Cox,32,IND,TE,14,6,11,5,59,2,13,2.6,46,9.2,5.8,1,5,1,9.1,1,24.4,
311,Tutu Atwell,26,LAR,WR,7,4,11,5,173,3,112,22.4,61,12.2,17.8,0,,0,0,1,84.5,
312,Andrew Beck,29,NYJ,FB,14,2,7,5,43,3,23,4.6,20,4,5.4,0,,0,0,0,126.8,
313,Noah Brown,29,WAS,WR,4,4,10,5,83,3,72,14.4,11,2.2,11.3,0,,0,0,0,78.3,
314,Treylon Burks,25,WAS,WR,5,0,11,5,77,4,64,12.8,13,2.6,16.9,0,,0,0,1,61.6,
315,Robbie Chosen,32,WAS,WR,3,0,9,5,53,2,48,9.6,5,1,14.6,0,,0,0,0,72.9,
316,Darius Cooper,24,PHI,WR,10,0,5,5,55,3,38,7.6,17,3.4,7.6,0,,0,0,0,112.5,
317,Ray Davis,26,BUF,RB,14,0,8,5,31,3,-11,-2.2,42,8.4,0.3,0,,2,25,0,109.9,
318,Will Dissly,29,LAC,TE,6,1,6,5,44,2,10,2,34,6.8,3.2,0,,1,16.7,0,97.2,
319,Ashton Dulin,28,IND,WR,10,2,8,5,106,4,53,10.6,53,10.6,13.1,0,,0,0,0,106.2,
320,Austin Ekeler,30,WAS,RB,2,2,7,5,38,2,-11,-2.2,49,9.8,1.7,1,5,0,0,0,84.2,
321,Jalin Hyatt,24,NYG,WR,8,0,14,5,35,2,33,6.6,2,0.4,20,0,,0,0,3,4.8,
322,Kendre Miller,23,NOR,RB,7,0,5,5,30,1,-5,-1,35,7,-1,1,5,0,0,0,91.7,
323,Konata Mumpfield,23,LAR,WR,14,0,9,5,42,4,30,6,12,2.4,11.7,0,,0,0,0,104.9,
324,Albert Okwuegbunam,27,LVR,TE,1,0,6,5,36,2,2,0.4,34,6.8,3,0,,0,0,0,91.7,
325,Ben Sinnott,23,WAS,TE,13,3,5,5,77,3,33,6.6,44,8.8,6.6,0,,0,0,0,158.3,
326,Jack Stoll,27,NOR,TE,13,3,9,5,42,1,25,5,17,3.4,3.2,0,,0,0,1,65.3,
327,Kyle Williams,23,NWE,WR,14,0,13,5,143,4,70,14,73,14.6,21.9,0,,0,0,0,119.6,
328,Marquez Valdes-Scantling,31,2TM,WR,7,0,10,5,59,2,55,11,4,0.8,11.1,0,,0,0,0,101.7,
328,Marquez Valdes-Scantling,31,SFO,WR,5,0,8,4,40,1,36,9,4,1,11,0,,0,0,0,64.6,
328,Marquez Valdes-Scantling,31,PIT,WR,2,0,2,1,19,1,19,19,0,0,11.5,0,,0,0,0,122.9,
329,D'Wayne Eskridge,28,MIA,WR,12,0,7,4,62,3,53,13.3,9,2.3,13.4,0,,0,0,0,86.6,
330,Hassan Haskins,26,LAC,RB,9,0,4,4,13,0,-3,-0.8,16,4,-0.8,0,,0,0,0,80.2,
331,Taysom Hill,35,NOR,TE,10,2,7,4,23,0,16,4,7,1.8,3,0,,3,42.9,0,63.4,
332,Kameron Johnson,23,TAM,WR,14,0,7,4,64,3,44,11,20,5,12.6,0,,1,14.3,1,87.8,
333,Tom Kennedy,29,DET,WR,3,0,4,4,36,2,32,8,4,1,8,0,,0,0,0,104.2,
334,Scott Matlock,25,LAC,FB,13,5,4,4,12,1,0,0,12,3,0,0,,0,0,0,118.7,
335,Skyy Moore,25,SFO,WR,14,0,6,4,64,4,37,9.3,27,6.8,14.8,2,2,0,0,0,102.1,
336,Quintin Morris,26,JAX,TE,11,4,7,4,45,3,28,7,17,4.3,5.6,0,,0,0,0,76.5,
337,James Proche,29,TEN,WR,6,1,6,4,55,2,53,13.3,2,0.5,10.7,0,,0,0,0,95.8,
338,Ben Skowronek,28,PIT,WR,14,3,6,4,69,4,46,11.5,23,5.8,10,0,,0,0,0,145.1,
339,Devontez Walker,24,BAL,WR,9,2,6,4,90,4,88,22,2,0.5,28.5,0,,1,16.7,0,149.3,
340,Tylan Wallace,26,BAL,WR,13,2,8,4,45,3,28,7,17,4.3,13.4,0,,0,0,0,106.8,
341,Kevin Austin,25,NOR,WR,5,0,6,3,33,2,25,8.3,8,2.7,10,0,,2,33.3,0,66.7,
342,Jalen Brooks,25,ARI,WR,2,0,6,3,51,3,32,10.7,19,6.3,11.2,0,,1,16.7,0,79.2,
343,Audric Estime,22,NOR,RB,4,0,3,3,39,1,-9,-3,48,16,-3,1,3,0,0,0,118.7,
344,Trevor Etienne,21,CAR,RB,14,0,3,3,13,1,2,0.7,11,3.7,0.7,1,3,0,0,0,84.7,
345,Kylen Granson,27,PHI,TE,14,2,4,3,10,2,6,2,4,1.3,9.3,0,,1,25,0,77.1,
346,Najee Harris,27,LAC,RB,3,0,3,3,25,1,10,3.3,15,5,3.3,1,3,0,0,0,101.4,
347,KhaDarel Hodge,30,ATL,WR,12,1,10,3,31,2,22,7.3,9,3,15,1,3,1,10,0,40,
348,Dylan Laube,26,LVR,RB,14,0,4,3,18,1,-6,-2,24,8,-1.5,1,3,0,0,0,83.3,
349,Jaleel McLaughlin,25,DEN,RB,5,0,4,3,10,1,-7,-2.3,17,5.7,-3,0,,1,25,0,77.1,
350,Bo Melton,26,GNB,CB,13,0,9,3,73,3,71,23.7,2,0.7,19.1,0,,1,11.1,0,100.7,
351,James Mitchell,26,CAR,TE,4,0,3,3,28,2,7,2.3,21,7,2.3,0,,0,0,0,105.6,
352,Andrew Ogletree,27,IND,TE,14,5,4,3,16,1,14,4.7,2,0.7,4.8,0,,0,0,0,120.8,
353,Tip Reiman,24,ARI,TE,4,3,5,3,18,1,11,3.7,7,2.3,5.2,1,3,0,0,0,67.1,
354,Xavier Restrepo,23,TEN,WR,2,0,7,3,41,3,32,10.7,9,3,11,0,,0,0,0,62.2,
355,Trent Sherfield,29,2TM,WR,12,3,5,3,21,1,7,2.3,14,4.7,9,0,,0,0,0,69.6,
355,Trent Sherfield,29,DEN,WR,10,3,4,3,21,1,7,2.3,14,4.7,9.8,0,,0,0,0,86.5,
355,Trent Sherfield,29,ARI,WR,2,0,1,0,0,0,0,,0,,6,0,,0,0,0,39.6,
356,Durham Smythe,30,CHI,TE,14,1,5,3,14,0,6,2,8,2.7,4,0,,1,20,0,64.6,
357,Deven Thompkins,26,ATL,WR,4,0,3,3,27,1,7,2.3,20,6.7,2.3,0,,0,0,0,104.2,
358,Austin Trammell,27,JAX,WR,6,0,10,3,46,2,44,14.7,2,0.7,13,0,,1,10,2,6.7,
359,Justin Watson,29,HOU,WR,2,0,4,3,30,1,16,5.3,14,4.7,8.3,0,,0,0,0,95.8,
360,Xavier Weaver,25,ARI,WR,7,1,8,3,24,0,19,6.3,5,1.7,16.4,0,,0,0,1,6.2,
361,Cody White,27,SEA,WR,8,0,4,3,90,2,32,10.7,58,19.3,9.8,1,3,0,0,1,116.7,
362,Zamir White,26,LVR,RB,4,0,5,3,19,0,3,1,16,5.3,0,0,,0,0,0,67.9,
363,Josh Whyle,26,GNB,TE,6,1,4,3,24,2,11,3.7,13,4.3,4.8,0,,0,0,0,129.2,
364,Cedrick Wilson Jr.,30,MIA,WR,7,2,4,3,25,2,7,2.3,18,6,9.8,1,3,0,0,0,90.6,
365,Trayveon Williams,28,2TM,RB,4,0,3,3,4,0,-7,-2.3,11,3.7,-2.3,0,,0,0,0,79.2,
365,Trayveon Williams,28,LAC,RB,3,0,1,1,0,0,-1,-1,1,1,-1,0,,0,0,0,79.2,
365,Trayveon Williams,28,CLE,RB,1,0,2,2,4,0,-6,-3,10,5,-3,0,,0,0,0,79.2,
366,Braelon Allen,21,NYJ,RB,4,0,3,2,17,1,8,4,9,4.5,2.7,1,2,1,33.3,0,81.2,
367,Andre Baccellia,28,ARI,WR,5,2,4,2,8,0,1,0.5,7,3.5,1.8,0,,1,25,0,56.2,
368,Michael Bandy,28,DEN,WR,3,0,2,2,36,2,13,6.5,23,11.5,6.5,0,,0,0,0,158.3,
369,Brenden Bates,26,HOU,TE,3,0,2,2,23,2,23,11.5,0,0,11.5,0,,0,0,0,114.6,
370,Jake Bobo,27,SEA,WR,9,0,2,2,20,1,14,7,6,3,7,0,,0,0,0,108.3,
371,Pharaoh Brown,31,ARI,TE,5,1,2,2,1,0,1,0.5,0,0,0.5,0,,0,0,0,79.2,
372,Harrison Bryant,27,HOU,TE,9,3,6,2,7,1,7,3.5,0,0,9.7,0,,1,16.7,0,42.4,
373,Beaux Collins,23,NYG,WR,9,0,6,2,25,1,19,9.5,6,3,12.2,0,,0,0,1,7.6,
374,Malik Davis,27,DAL,RB,8,0,3,2,16,0,10,5,6,3,4.3,0,,1,33.3,0,79.9,
375,AJ Dillon,27,PHI,RB,6,0,2,2,18,0,9,4.5,9,4.5,4.5,0,,0,0,0,104.2,
376,Devin Duvernay,28,CHI,WR,14,0,4,2,26,1,26,13,0,0,17,0,,0,0,0,70.8,
377,Ross Dwelley,30,DET,TE,11,1,5,2,7,0,0,0,7,3.5,0.2,0,,0,0,0,47.9,
378,Clyde Edwards-Helaire,26,KAN,RB,2,0,2,2,9,0,-4,-2,13,6.5,-2,0,,0,0,0,85.4,
379,Tai Felton,22,MIN,WR,14,0,2,2,19,1,5,2.5,14,7,2.5,0,,0,0,0,106.2,
380,Anthony Firkser,30,DET,TE,4,2,2,2,11,1,6,3,5,2.5,3,0,,0,0,0,89.6,
381,Tucker Fisk,26,LAC,TE,10,7,4,2,19,1,-2,-1,21,10.5,5.5,0,,1,25,0,63.5,
382,Antonio Gibson,27,NWE,RB,5,0,3,2,6,0,-10,-5,16,8,-2,0,,0,0,0,70.1,
383,Xavier Gipson,24,PHI,WR,5,0,2,2,6,0,-9,-4.5,15,7.5,-4.5,0,,0,0,0,79.2,
384,Tyler Goodson,25,IND,RB,9,0,3,2,8,0,-2,-1,10,5,-1,0,,0,0,0,70.1,
385,Anthony Gould,24,IND,WR,11,1,2,2,6,0,-2,-1,8,4,-1,0,,0,0,0,79.2,
386,Connor Heyward,26,PIT,TE,14,1,3,2,18,1,17,8.5,1,0.5,9,0,,0,0,0,122.2,
387,George Holani,26,SEA,RB,11,0,2,2,15,1,-1,-0.5,16,8,-0.5,0,,0,0,0,97.9,
388,Jawhar Jordan,26,HOU,RB,1,0,2,2,17,1,-9,-4.5,26,13,-4.5,0,,0,0,0,102.1,
389,Lucas Krull,27,DEN,TE,3,3,4,2,15,0,11,5.5,4,2,5,0,,0,0,0,59.4,
390,KeAndre Lambert-Smith,24,LAC,WR,7,1,5,2,17,1,14,7,3,1.5,22.2,0,,0,0,0,89.2,
391,Tay Martin,28,WAS,WR,3,0,2,2,23,1,18,9,5,2.5,9,0,,0,0,0,114.6,
392,David Martin-Robinson,26,TEN,TE,14,4,2,2,7,2,1,0.5,6,3,0.5,0,,0,0,0,120.8,
393,Jalen McMillan,24,TAM,WR,1,1,2,2,38,2,35,17.5,3,1.5,17.5,0,,0,0,0,118.7,
394,Ryan Miller,25,TAM,WR,13,3,4,2,34,1,34,17,0,0,17.5,0,,1,25,0,118.7,
395,Eric Saubert,31,SEA,TE,8,2,2,2,21,1,10,5,11,5.5,5,0,,0,0,0,110.4,
396,Jordan Watkins,23,SFO,WR,3,0,3,2,26,1,25,12.5,1,0.5,14,0,,0,0,0,93.7,
397,Jared Wayne,25,HOU,WR,1,1,2,2,20,1,17,8.5,3,1.5,8.5,0,,0,0,0,108.3,
398,Blake Whiteheart,25,CLE,TE,14,2,4,2,4,0,3,1.5,1,0.5,8.3,0,,0,0,0,56.2,
399,Caleb Williams,24,CHI,QB,14,14,2,2,22,2,-3,-1.5,25,12.5,-1.5,0,,0,0,0,152.1,
400,Jaylen Wright,22,MIA,RB,7,0,5,2,9,0,-3,-1.5,12,6,-2.6,0,,0,0,0,47.9,
401,Colson Yankoff,25,WAS,TE,12,0,3,2,18,2,14,7,4,2,6,0,,0,0,0,82.6,
402,Dareke Young,26,SEA,WR,6,0,2,2,48,2,48,24,0,0,24,0,,0,0,0,118.7,
403,Zaire Mitchell-Paden,26,2TM,TE,8,1,3,2,17,1,12,6,5,2.5,4.3,0,,0,0,0,81.2,
403,Zaire Mitchell-Paden,26,BAL,TE,6,1,2,1,3,0,3,3,0,0,2,0,,0,0,0,56.2,
403,Zaire Mitchell-Paden,26,NOR,TE,2,0,1,1,14,1,9,9,5,5,9,0,,0,0,0,118.7,
404,Spencer Anderson,25,PIT,OL,14,4,1,1,4,0,0,0,4,4,0,0,,0,0,0,83.3,
405,Alex Bachman,29,LVR,WR,9,0,2,1,9,1,7,7,2,2,5.5,0,,0,0,0,62.5,
406,Tank Bigsby,24,PHI,RB,13,0,2,1,-1,0,-7,-7,6,6,-3,0,,0,0,0,56.2,
407,Jaydon Blue,21,DAL,RB,4,0,1,1,5,0,-5,-5,10,10,-5,0,,0,0,0,87.5,
408,Connor Colby,22,SFO,OL,10,6,1,1,-1,0,-6,-6,5,5,-6,0,,0,0,0,79.2,
409,Devin Culp,25,TAM,TE,11,0,1,1,6,1,6,6,0,0,6,0,,0,0,0,131.2,
410,Derius Davis,25,LAC,WR,10,0,2,1,3,0,-4,-4,7,7,13.5,0,,0,0,0,56.2,
411,Josiah Deguara,28,ARI,TE,9,0,2,1,6,0,5,5,1,1,5,0,,0,0,0,56.2,
412,Payne Durham,25,TAM,TE,14,8,3,1,11,1,0,0,11,11,0.7,0,,1,33.3,0,45.1,
413,Reggie Gilliam,28,BUF,FB,14,2,1,1,2,0,1,1,1,1,1,0,,0,0,0,79.2,
414,Cam Grandy,25,CIN,TE,4,1,1,1,6,0,-2,-2,8,8,-2,0,,0,0,0,91.7,
415,C.J. Ham,32,MIN,FB,8,0,1,1,5,0,4,4,1,1,4,0,,0,0,0,87.5,
416,Evan Hull,25,NOR,RB,3,0,1,1,6,0,-4,-4,10,10,-4,0,,0,0,0,91.7,
417,Shedrick Jackson,26,LVR,WR,3,0,1,1,25,1,25,25,0,0,25,0,,0,0,0,158.3,
418,Terrell Jennings,24,NWE,RB,7,0,1,1,9,0,2,2,7,7,2,0,,0,0,0,104.2,
419,Kaleb Johnson,22,PIT,RB,10,0,2,1,9,0,-5,-5,14,14,-4,0,,1,50,0,62.5,
420,Jacoby Jones,24,WAS,WR,1,0,1,1,25,1,3,3,22,22,3,0,,0,0,0,118.7,
421,Tim Jones,27,JAX,WR,2,0,1,1,15,1,4,4,11,11,4,0,,0,0,0,118.7,
422,Mason Kinsey,27,TEN,WR,7,0,3,1,14,1,12,12,2,2,19,0,,1,33.3,0,49.3,
423,Keleki Latu,23,BUF,TE,3,0,1,1,4,0,4,4,0,0,4,0,,0,0,0,83.3,
424,Patrick Mahomes,30,KAN,QB,14,14,1,1,-10,0,-8,-8,-2,-2,-8,0,,0,0,0,79.2,
425,Chris Manhertz,33,NYG,TE,14,2,1,1,7,0,1,1,6,6,1,0,,0,0,0,95.8,
426,Drake Maye,23,NWE,QB,14,14,1,1,2,0,-8,-8,10,10,-8,0,,0,0,0,79.2,
427,Scott Miller,28,PIT,WR,10,0,2,1,9,0,-1,-1,10,10,3.5,0,,0,0,0,62.5,
428,Jonathan Mingo,24,DAL,WR,3,0,2,1,25,1,21,21,4,4,19.5,0,,1,50,0,95.8,
429,David Moore,30,CAR,WR,4,2,1,1,5,0,5,5,0,0,5,0,,0,0,0,87.5,
430,Bryce Oliver,25,TEN,WR,2,0,1,1,8,0,6,6,2,2,6,0,,0,0,0,100,
431,Gunner Olszewski,29,NYG,WR,13,0,3,1,24,1,23,23,1,1,17,0,,0,0,0,102.8,
432,Dante Pettis,30,NOR,WR,5,0,1,1,14,0,14,14,0,0,14,0,,0,0,0,118.7,
433,Spencer Rattler,25,NOR,QB,9,8,2,1,0,0,0,0,0,0,2,0,,0,0,1,16.7,
434,Nikko Remigio,26,KAN,WR,13,0,1,1,21,1,18,18,3,3,18,0,,0,0,0,118.7,
435,Anthony Richardson,23,IND,QB,2,0,1,1,9,1,2,2,7,7,2,0,,0,0,0,104.2,
436,Aaron Rodgers,42,PIT,QB,13,13,1,1,-9,0,-9,-9,0,0,-9,0,,0,0,0,79.2,
437,Chris Rodriguez,25,WAS,RB,11,6,2,1,6,0,3,3,3,3,7.5,0,,0,0,1,16.7,
438,Carter Runyon,24,LVR,TE,10,0,1,1,3,0,-3,-3,6,6,-3,0,,0,0,0,79.2,
439,Jeffery Simmons,28,TEN,DT,12,12,1,1,1,1,1,1,0,0,1,0,,0,0,0,118.7,
440,Ben Sims,25,MIN,TE,5,1,1,1,9,1,4,4,5,5,4,0,,0,0,0,104.2,
441,Robert Tonyan,31,KAN,TE,14,0,1,1,1,0,1,1,0,0,1,0,,0,0,0,79.2,
442,Tahj Washington,24,MIA,WR,4,1,2,1,11,0,5,5,6,6,28,0,,0,0,1,27.1,
443,Jared Wiley,25,KAN,TE,2,0,1,1,4,1,-4,-4,8,8,-4,0,,0,0,0,83.3,
444,Jameis Winston,31,NYG,QB,3,2,1,1,33,1,13,13,20,20,13,1,1,0,0,0,158.3,
445,Tristan Wirfs,26,TAM,T,10,10,1,1,2,1,1,1,1,1,1,0,,0,0,0,118.7,
446,Ben Yurosek,23,MIN,TE,9,0,2,1,5,0,0,0,5,5,3,0,,0,0,0,56.2,
447,Cam Akers,26,MIN,RB,3,0,1,0,0,0,0,,0,,-6,0,,1,100,0,39.6,
448,Garett Bolles,33,DEN,T,14,14,1,0,0,0,0,,0,,2,0,,0,0,0,39.6,
449,Tahj Brooks,23,CIN,RB,13,0,1,0,0,0,0,,0,,-3,0,,0,0,1,0,
450,Brittain Brown,28,CHI,RB,3,0,1,0,0,0,0,,0,,4,0,,0,0,0,39.6,
451,Jason Brownlee,26,KAN,WR,5,0,1,0,0,0,0,,0,,9,0,,0,0,0,39.6,
452,Alex Cappa,30,LVR,G,14,5,1,0,0,0,0,,0,,2,0,,0,0,0,39.6,
453,Julius Chestnut,25,TEN,RB,14,0,2,0,0,0,0,,0,,11,0,,0,0,0,39.6,
454,Justin Fields,26,NYJ,QB,9,9,1,0,0,0,0,,0,,6,0,,0,0,0,39.6,
455,DJ Giddens,22,IND,RB,7,0,2,0,0,0,0,,0,,-3,0,,0,0,0,39.6,
456,Mecole Hardman,27,BUF,WR,1,0,1,0,0,0,0,,0,,46,0,,0,0,0,39.6,
457,Khalil Herbert,27,NYJ,RB,4,0,1,0,0,0,0,,0,,-4,0,,0,0,0,39.6,
458,Amar Johnson,22,LAC,RB,2,0,1,0,0,0,0,,0,,-2,0,,0,0,0,39.6,
459,Charlie Jones,27,CIN,WR,14,0,1,0,0,0,0,,0,,42,0,,0,0,0,39.6,
460,Nick Kallerup,24,SEA,TE,7,0,1,0,0,0,0,,0,,8,0,,0,0,0,39.6,
461,Elijah Mitchell,27,KAN,RB,1,0,1,0,0,0,0,,0,,16,0,,0,0,1,0,
462,Bo Nix,25,DEN,QB,14,14,1,0,0,0,0,,0,,2,0,,0,0,0,39.6,
463,Trevor Penning,26,LAC,OT,4,2,1,0,0,0,0,,0,,5,0,,0,0,0,39.6,
464,Dameon Pierce,25,HOU,RB,4,0,1,0,0,0,0,,0,,-4,0,,1,100,0,39.6,
465,Bernhard Raimann,28,IND,T,14,14,1,0,0,0,0,,0,,2,0,,0,0,0,39.6,
466,Patrick Ricard,31,BAL,FB,8,2,1,0,0,0,0,,0,,2,0,,0,0,0,39.6,
467,Brady Russell,27,SEA,FB,14,1,1,0,0,0,0,,0,,0,0,,1,100,0,39.6,
468,Stone Smartt,27,NYJ,TE,12,0,1,0,0,0,0,,0,,16,0,,0,0,0,39.6,
469,Malik Turner,29,SFO,WR,3,0,1,0,0,0,0,,0,,-5,0,,0,0,0,39.6,
470,Jack Westover,26,NWE,FB,14,1,1,0,0,0,0,,0,,12,0,,1,100,0,39.6,
471,Brayden Willis,26,SFO,TE,5,0,1,0,0,0,0,,0,,2,0,,0,0,0,39.6,
472,Luke Wypler,24,CLE,C,14,2,1,0,0,0,0,,0,,1,0,,0,0,0,39.6,