,,,,,,,Rushing,,,,,,,,,,
Rk,Player,Age,Team,Pos,G,GS,Att,Yds,TD,1D,Succ%,Lng,Y/A,Y/G,A/G,Fmb,Awards
1,Jonathan Taylor,26,IND,RB,14,14,*272*,*1443*,*16*,*73*,53.7,*83*,5.3,*103.1*,19.4,2,
2,James Cook,26,BUF,RB,14,14,271,1415,10,59,56.8,64,5.2,101.1,19.4,6,
3,Christian McCaffrey,29,SFO,RB,14,14,259,922,9,57,47.1,20,3.6,65.9,18.5,2,
4,Saquon Barkley,28,PHI,RB,14,14,240,940,6,37,44.2,65,3.9,67.1,17.1,1,
5,Bijan Robinson,23,ATL,RB,14,14,234,1174,6,53,54.7,81,5,83.9,16.7,4,
6,Derrick Henry,31,BAL,RB,14,14,233,1125,10,55,50.6,59,4.8,80.4,16.6,3,
7,Javonte Williams,25,DAL,RB,14,14,230,1113,10,62,55.7,66,4.8,79.5,16.4,2,
8,Quinshon Judkins,22,CLE,RB,13,13,222,805,7,48,40.5,46,3.6,61.9,17.1,0,
9,Josh Jacobs,27,GNB,RB,13,13,218,890,13,53,50.9,40,4.1,68.5,16.8,2,
10,Travis Etienne,26,JAX,RB,14,14,213,949,7,41,48.8,71,4.5,67.8,15.2,1,
11,Breece Hall,24,NYJ,RB,14,14,213,900,3,48,48.8,35,4.2,64.3,15.2,2,
12,Kyren Williams,25,LAR,RB,14,14,211,1030,10,64,65.9,34,4.9,73.6,15.1,2,
13,Rico Dowdle,27,CAR,RB,14,8,208,978,6,47,47.6,53,4.7,69.9,14.9,1,
14,De'Von Achane,24,MIA,RB,14,14,205,1186,7,50,49.8,59,*5.8*,84.7,14.6,1,
15,Jahmyr Gibbs,23,DET,RB,14,14,200,1100,13,50,48,78,5.5,78.6,14.3,0,
16,Ashton Jeanty,22,LVR,RB,14,14,200,700,4,34,42.5,64,3.5,50,14.3,2,
17,D'Andre Swift,26,CHI,RB,13,13,191,935,7,54,53.9,25,4.9,71.9,14.7,2,
18,Tony Pollard,28,TEN,RB,14,14,189,847,5,38,46.6,65,4.5,60.5,13.5,3,
19,Chase Brown,25,CIN,RB,14,14,185,780,3,43,50.3,37,4.2,55.7,13.2,2,
20,Kenneth Walker III,25,SEA,RB,14,14,179,779,4,37,43.6,31,4.4,55.6,12.8,0,
21,Jaylen Warren,27,PIT,RB,13,12,171,685,4,41,53.8,37,4,52.7,13.2,0,
22,Woody Marks,25,HOU,RB,14,6,167,584,2,31,42.5,23,3.5,41.7,11.9,1,
23,J.K. Dobbins,27,DEN,RB,10,9,153,772,4,37,53.6,41,5,77.2,15.3,0,
24,Kareem Hunt,30,KAN,RB,14,4,148,557,8,49,57.4,33,3.8,39.8,10.6,2,
25,Kimani Vidal,24,LAC,RB,11,9,147,620,3,31,46.9,59,4.2,56.4,13.4,1,
26,Kyle Monangai,23,CHI,RB,14,1,146,681,5,34,52.1,39,4.7,48.6,10.4,0,
27,Jacory Croskey-Merritt,24,WAS,RB,14,5,143,646,5,34,*58.0*,42,4.5,46.1,10.2,3,
28,TreVeyon Henderson,23,NWE,RB,14,4,143,773,7,37,51,69,5.4,55.2,10.2,1,
29,Jordan Mason,26,MIN,RB,14,4,143,659,6,39,55.9,24,4.6,47.1,10.2,3,
30,Zach Charbonnet,24,SEA,RB,13,0,140,514,8,33,47.9,30,3.7,39.5,10.8,0,
31,David Montgomery,28,DET,RB,14,0,136,635,8,35,47.8,72,4.7,45.4,9.7,2,
32,Alvin Kamara,30,NOR,RB,11,11,131,471,1,21,42,18,3.6,42.8,11.9,2,
33,Tyrone Tracy Jr.,26,NYG,RB,12,8,128,504,2,29,46.1,31,3.9,42,10.7,0,
34,Chuba Hubbard,26,CAR,RB,12,6,119,462,1,26,50.4,14,3.9,38.5,9.9,0,
35,Bucky Irving,23,TAM,RB,7,6,119,413,1,16,39.5,32,3.5,59,17,1,
36,Rachaad White,26,TAM,RB,14,8,118,494,4,36,57.6,20,4.2,35.3,8.4,0,
37,Nick Chubb,30,HOU,RB,13,8,115,472,3,19,50.4,27,4.1,36.3,8.8,0,
38,Blake Corum,25,LAR,RB,14,0,112,621,5,36,59.8,48,5.5,44.4,8,0,
39,Tyler Allgeier,25,ATL,RB,14,1,110,396,8,31,50,21,3.6,28.3,7.9,0,
40,RJ Harvey,24,DEN,RB,14,5,110,419,6,20,46.4,50,3.8,29.9,7.9,1,
41,Rhamondre Stevenson,27,NWE,RB,11,10,107,374,3,18,45.8,22,3.5,34,9.7,3,
42,Isiah Pacheco,26,KAN,RB,11,10,101,396,1,24,54.5,16,3.9,36,9.2,0,
43,Cam Skattebo,23,NYG,RB,8,5,101,410,5,27,50.5,24,4.1,51.3,12.6,1,
44,Josh Allen,29,BUF,QB,14,14,98,535,12,41,58.2,40,5.5,38.2,7,5,
45,Jalen Hurts,27,PHI,QB,14,14,95,376,8,37,55.8,29,4,26.9,6.8,7,
46,Omarion Hampton,22,LAC,RB,7,5,94,431,2,26,45.7,54,4.6,61.6,13.4,1,
47,Kenneth Gainwell,26,PIT,RB,14,2,93,451,4,29,58.1,55,4.8,32.2,6.6,2,
48,Aaron Jones,31,MIN,RB,10,10,93,410,1,20,52.7,31,4.4,41,9.3,2,
49,Devin Singletary,28,NYG,RB,14,1,91,319,3,19,45.1,22,3.5,22.8,6.5,0,
50,Emanuel Wilson,26,GNB,RB,14,1,90,354,3,22,55.6,15,3.9,25.3,6.4,1,
51,Drake Maye,23,NWE,QB,14,14,85,362,4,30,43.5,28,4.3,25.9,6.1,6,
52,Zonovan Knight,24,ARI,RB,12,8,82,269,4,21,48.8,17,3.3,22.4,6.8,1,
53,Brian Robinson Jr.,26,SFO,RB,14,0,81,349,2,18,55.6,19,4.3,24.9,5.8,0,
54,Chris Rodriguez,25,WAS,RB,11,6,81,372,4,23,59.3,48,4.6,33.8,7.4,0,
55,Bhayshul Tuten,22,JAX,RB,14,0,78,284,4,21,57.7,15,3.6,20.3,5.6,2,
56,Sean Tucker,24,TAM,RB,14,0,76,313,6,20,50,43,4.1,22.4,5.4,1,
57,Justin Fields,26,NYJ,QB,9,9,71,383,4,26,57.7,43,5.4,42.6,7.9,4,
58,Jaxson Dart,22,NYG,QB,11,9,70,400,7,30,65.7,29,5.7,36.4,6.4,4,
59,Justin Herbert,27,LAC,QB,14,14,69,419,1,30,62.3,41,6.1,29.9,4.9,4,
60,Caleb Williams,24,CHI,QB,14,14,68,334,3,25,57.4,29,4.9,23.9,4.9,7,
61,Michael Carter,26,ARI,RB,10,2,67,221,1,14,52.2,11,3.3,22.1,6.7,0,
62,Trevor Lawrence,26,JAX,QB,14,14,66,302,6,30,54.5,21,4.6,21.6,4.7,5,
63,Samaje Perine,30,CIN,RB,12,1,66,310,1,23,54.5,32,4.7,25.8,5.5,3,
64,Patrick Mahomes,30,KAN,QB,14,14,64,422,5,27,57.8,22,6.6,30.1,4.6,3,
65,Bo Nix,25,DEN,QB,14,14,62,254,4,17,41.9,25,4.1,18.1,4.4,3,
66,Lamar Jackson,28,BAL,QB,11,11,61,333,2,23,50.8,19,5.5,30.3,5.5,7,
67,Ollie Gordon,21,MIA,RB,14,1,60,191,3,19,48.3,20,3.2,13.6,4.3,0,
68,Jayden Daniels,25,WAS,QB,7,7,58,278,2,14,51.7,18,4.8,39.7,8.3,3,
69,Devin Neal,22,NOR,RB,10,3,57,206,2,11,54.4,21,3.6,20.6,5.7,0,
70,Tyjae Spears,24,TEN,RB,10,0,50,211,1,11,38,41,4.2,21.1,5,0,
71,Marcus Mariota,32,WAS,QB,10,7,49,298,1,12,46.9,44,6.1,29.8,4.9,6,
72,Kendre Miller,23,NOR,RB,7,0,47,193,1,9,44.7,18,4.1,27.6,6.7,0,
73,Daniel Jones,28,IND,QB,13,13,45,164,5,19,53.3,19,3.6,12.6,3.5,*9*,
74,Jordan Love,27,GNB,QB,14,14,45,192,0,13,48.9,25,4.3,13.7,3.2,6,
75,Dak Prescott,32,DAL,QB,14,14,45,140,2,11,40,14,3.1,10,3.2,5,
76,Baker Mayfield,30,TAM,QB,14,14,44,286,1,21,52.3,33,6.5,20.4,3.1,8,
77,Dylan Sampson,21,CLE,RB,13,1,44,116,0,9,34.1,26,2.6,8.9,3.4,1,
78,Jaylen Wright,22,MIA,RB,7,0,43,174,1,11,51.2,18,4,24.9,6.1,0,
79,Jeremy McNichols,30,WAS,RB,14,1,41,217,1,13,48.8,60,5.3,15.5,2.9,1,
80,Tank Bigsby,24,2TM,RB,14,0,41,237,0,11,53.7,29,5.8,16.9,2.9,0,
80,Tank Bigsby,24,JAX,RB,1,0,5,12,0,1,20,4,2.4,12,5,0,
80,Tank Bigsby,24,PHI,RB,13,0,36,225,0,10,58.3,29,6.3,17.3,2.8,0,
81,Geno Smith,35,LVR,QB,13,13,40,108,0,13,42.5,20,2.7,8.3,3.1,4,
82,Keaton Mitchell,23,BAL,RB,10,0,39,295,1,12,61.5,55,7.6,29.5,3.9,1,
83,Bryce Young,24,CAR,QB,13,13,39,170,1,13,46.2,24,4.4,13.1,3,6,
84,C.J. Stroud,24,HOU,QB,11,11,38,204,0,17,55.3,30,5.4,18.5,3.5,1,
85,Isaiah Davis,23,NYJ,RB,14,0,37,217,1,7,40.5,50,5.9,15.5,2.6,0,
86,Taysom Hill,35,NOR,TE,10,2,37,72,1,13,43.2,29,1.9,7.2,3.7,2,
87,Tyler Shough,26,NOR,QB,8,6,36,138,2,9,38.9,34,3.8,17.3,4.5,2,
88,Jacoby Brissett,33,ARI,QB,11,9,34,144,1,14,52.9,15,4.2,13.1,3.1,4,
89,Ray Davis,26,BUF,RB,14,0,33,106,0,6,45.5,15,3.2,7.6,2.4,0,
90,Mac Jones,27,SFO,QB,10,8,33,63,0,11,45.5,13,1.9,6.3,3.3,4,
91,J.J. McCarthy,22,MIN,QB,8,8,33,154,3,10,39.4,26,4.7,19.3,4.1,5,
92,James Conner,30,ARI,RB,3,3,32,95,1,7,43.8,12,3,31.7,10.7,1,
93,Emari Demercado,26,ARI,RB,10,0,32,242,0,6,40.6,71,7.6,24.2,3.2,1,
94,Jaret Patterson,26,LAC,RB,4,0,32,129,1,6,53.1,22,4,32.3,8,0,
95,Brashard Smith,22,KAN,RB,14,0,32,95,0,2,40.6,8,3,6.8,2.3,1,
96,Spencer Rattler,25,NOR,QB,9,8,31,167,0,17,74.2,15,5.4,18.6,3.4,4,
97,Cam Ward,23,TEN,QB,14,14,31,129,1,13,54.8,20,4.2,9.2,2.2,*9*,
98,Trey Benson,23,ARI,RB,4,1,29,160,0,4,34.5,52,5.5,40,7.3,0,
99,Ty Johnson,28,BUF,RB,14,0,29,133,1,7,51.7,23,4.6,9.5,2.1,1,
100,Kyler Murray,28,ARI,QB,5,5,29,173,1,10,41.4,30,6,34.6,5.8,1,
101,Kaleb Johnson,22,PIT,RB,10,0,28,69,0,2,25,9,2.5,6.9,2.8,1,
102,Zavier Scott,26,MIN,RB,13,0,27,101,0,5,51.9,11,3.7,7.8,2.1,2,
103,Tyrod Taylor,36,NYJ,QB,6,4,27,143,1,10,48.1,15,5.3,23.8,4.5,1,
104,Matthew Stafford,37,LAR,QB,14,14,26,-8,0,0,0,6,-0.3,-0.6,1.9,7,
105,Antonio Gibson,27,NWE,RB,5,0,25,106,1,6,44,21,4.2,21.2,5,2,
106,Malik Davis,27,DAL,RB,8,0,24,124,2,7,50,43,5.2,15.5,3,0,
107,Jerome Ford,26,CLE,RB,13,0,24,73,0,5,45.8,12,3,5.6,1.8,0,
108,Sam Darnold,28,SEA,QB,14,14,23,77,0,8,47.8,24,3.3,5.5,1.6,8,
109,Terrell Jennings,24,NWE,RB,7,0,23,73,1,8,43.5,11,3.2,10.4,3.3,0,
110,Brock Purdy,26,SFO,QB,6,6,23,87,1,11,60.9,26,3.8,14.5,3.8,2,
111,Jaydon Blue,21,DAL,RB,4,0,22,65,0,3,36.4,14,3,16.3,5.5,1,
112,George Holani,26,SEA,RB,11,0,22,73,1,5,50,9,3.3,6.6,2,1,
113,Raheem Mostert,33,LVR,RB,11,0,21,98,0,5,38.1,37,4.7,8.9,1.9,0,
114,Michael Penix,25,ATL,QB,9,9,21,70,1,5,38.1,15,3.3,7.8,2.3,4,
115,Trevor Etienne,21,CAR,RB,14,0,20,94,0,6,50,22,4.7,6.7,1.4,2,
116,Miles Sanders,28,DAL,RB,4,0,20,117,1,5,50,49,5.9,29.3,5,1,
117,Tua Tagovailoa,27,MIA,QB,14,14,20,43,0,1,15,8,2.2,3.1,1.4,8,
118,Jaleel McLaughlin,25,DEN,RB,5,0,19,69,1,4,42.1,14,3.6,13.8,3.8,0,
119,Braelon Allen,21,NYJ,RB,4,0,18,76,1,4,50,15,4.2,19,4.5,1,
120,LeQuint Allen,21,JAX,RB,14,0,18,81,0,5,38.9,12,4.5,5.8,1.3,0,
121,DJ Giddens,22,IND,RB,7,0,18,66,0,3,38.9,12,3.7,9.4,2.6,0,
122,Justice Hill,28,BAL,RB,10,0,18,93,2,4,33.3,71,5.2,9.3,1.8,1,
123,Russell Wilson,37,NYG,QB,6,3,18,106,0,6,50,15,5.9,17.7,3,3,
124,Aaron Rodgers,42,PIT,QB,13,13,17,26,1,3,29.4,10,1.5,2,1.3,3,
125,Joe Flacco,40,2TM,QB,10,10,16,31,1,7,43.8,13,1.9,3.1,1.6,3,
125,Joe Flacco,40,CLE,QB,4,4,6,13,0,2,33.3,8,2.2,3.3,1.5,2,
125,Joe Flacco,40,CIN,QB,6,6,10,18,1,5,50,13,1.8,3,1.7,1,
126,Jared Goff,31,DET,QB,14,14,15,44,0,4,40,24,2.9,3.1,1.1,3,
127,Najee Harris,27,LAC,RB,3,0,15,61,0,3,86.7,7,4.1,20.3,5,0,
128,Jawhar Jordan,26,HOU,RB,1,0,15,101,0,4,40,50,6.7,101,15,0,
129,Austin Ekeler,30,WAS,RB,2,2,14,43,0,3,57.1,6,3.1,21.5,7,0,
130,Dillon Gabriel,25,CLE,QB,9,6,14,86,0,4,42.9,19,6.1,9.6,1.6,0,
131,Tyler Huntley,27,BAL,QB,3,1,14,89,0,6,50,29,6.4,29.7,4.7,0,
132,D.J. Moore,28,CHI,WR,14,14,14,67,1,4,64.3,17,4.8,4.8,1,1,
133,KaVontae Turpin,29,DAL,WR,12,2,14,69,0,3,64.3,25,4.9,5.8,1.2,1,
134,Ameer Abdullah,32,IND,RB,10,0,13,59,1,3,46.2,14,4.5,5.9,1.3,0,
135,Chris Brooks,25,GNB,RB,14,0,13,41,0,2,30.8,10,3.2,2.9,0.9,0,
136,Deebo Samuel,29,WAS,WR,13,9,13,49,1,3,53.8,19,3.8,3.8,1,2,
137,Malik Washington,24,MIA,WR,14,4,13,78,0,3,53.8,18,6,5.6,0.9,1,
138,AJ Dillon,27,PHI,RB,6,0,12,60,0,4,50,11,5,10,2,1,
139,Hassan Haskins,26,LAC,RB,9,0,12,30,0,2,25,10,2.5,3.3,1.3,0,
140,Davis Mills,27,HOU,QB,5,3,12,48,1,1,33.3,14,4,9.6,2.4,1,
141,Marvin Mims,23,DEN,WR,12,2,11,75,1,3,63.6,16,6.8,6.3,0.9,2,
142,Will Shipley,23,PHI,RB,12,0,11,45,0,4,36.4,20,4.1,3.8,0.9,0,
143,Carson Wentz,33,MIN,QB,5,5,11,57,0,3,27.3,16,5.2,11.4,2.2,3,
144,Julius Chestnut,25,TEN,RB,14,0,10,39,0,3,40,27,3.9,2.8,0.7,0,
145,Chimere Dike,24,TEN,WR,14,7,10,11,0,0,40,9,1.1,0.8,0.7,2,
146,Connor Heyward,26,PIT,TE,14,1,10,15,1,8,80,4,1.5,1.1,0.7,0,
147,Evan Hull,25,NOR,RB,3,0,10,31,0,2,40,6,3.1,10.3,3.3,0,
148,Dameon Pierce,25,HOU,RB,4,0,10,26,0,1,20,10,2.6,6.5,2.5,0,
149,Shedeur Sanders,23,CLE,QB,5,4,10,74,1,4,60,15,7.4,14.8,2,1,
150,Zamir White,26,LVR,RB,4,0,10,25,0,0,20,9,2.5,6.3,2.5,0,
151,Mark Andrews,30,BAL,TE,14,10,9,45,1,6,66.7,35,5,3.2,0.6,1,
152,AJ Barner,23,SEA,TE,14,14,9,13,1,8,88.9,2,1.4,0.9,0.6,2,
153,Tahj Brooks,23,CIN,RB,13,0,9,28,0,0,33.3,7,3.1,2.2,0.7,0,
154,Jake Browning,29,CIN,QB,5,3,9,39,1,5,55.6,13,4.3,7.8,1.8,1,
155,Nathan Carter,23,ATL,RB,6,0,9,60,0,3,55.6,12,6.7,10,1.5,1,
156,Zay Flowers,25,BAL,WR,14,14,9,44,0,2,66.7,11,4.9,3.1,0.6,2,
157,Nick Mullens,30,JAX,QB,4,0,9,-6,0,0,0,,-0.7,-1.5,2.3,0,
158,Dare Ogunbowale,31,HOU,RB,14,0,9,25,1,1,33.3,9,2.8,1.8,0.6,1,
159,Savion Williams,24,GNB,WR,11,0,9,28,0,1,33.3,16,3.1,2.5,0.8,1,
160,Xavier Worthy,22,KAN,WR,12,11,9,86,0,4,77.8,35,9.6,7.2,0.8,0,
161,Matthew Golden,22,GNB,WR,11,4,8,45,0,3,87.5,9,5.6,4.1,0.7,0,
162,Trey Lance,25,LAC,QB,3,0,8,16,0,1,25,11,2,5.3,2.7,0,
163,Puka Nacua,24,LAR,WR,13,12,8,81,1,3,62.5,45,10.1,6.2,0.6,1,
164,Adam Prentice,28,DEN,FB,14,3,8,41,0,6,75,18,5.1,2.9,0.6,0,
165,Ronnie Rivers,26,LAR,RB,8,0,8,41,0,2,62.5,9,5.1,5.1,1,0,
166,Rashid Shaheed,27,2TM,WR,15,12,8,38,0,2,37.5,10,4.8,2.5,0.5,2,
166,Rashid Shaheed,27,NOR,WR,9,9,2,5,0,0,50,5,2.5,0.6,0.2,1,
166,Rashid Shaheed,27,SEA,WR,6,3,6,33,0,2,33.3,10,5.5,5.5,1,1,
167,Joe Burrow,29,CIN,QB,5,5,7,16,0,2,28.6,3,2.3,3.2,1.4,0,
168,Brady Cook,24,NYJ,QB,2,1,7,39,0,2,42.9,12,5.6,19.5,3.5,2,
169,Malachi Corley,23,CLE,WR,10,4,7,79,0,4,85.7,31,11.3,7.9,0.7,0,
170,Greg Dortch,27,ARI,WR,12,3,7,15,1,1,57.1,9,2.1,1.3,0.6,1,
171,Demario Douglas,25,NWE,WR,14,0,7,21,0,2,57.1,14,3,1.5,0.5,0,
172,Clyde Edwards-Helaire,26,KAN,RB,2,0,7,13,0,1,28.6,7,1.9,6.5,3.5,0,
173,Jimmy Horn,23,CAR,WR,10,0,7,44,0,2,85.7,11,6.3,4.4,0.7,0,
174,Dylan Laube,26,LVR,RB,14,0,7,9,0,0,0,3,1.3,0.6,0.5,0,
175,Mason Rudolph,30,PIT,QB,5,1,7,6,0,2,42.9,3,0.9,1.2,1.4,1,
176,Jaxon Smith-Njigba,23,SEA,WR,14,14,7,36,0,2,57.1,11,5.1,2.6,0.5,3,
177,Jameis Winston,31,NYG,QB,3,2,7,23,1,3,42.9,11,3.3,7.7,2.3,1,
178,Rasheen Ali,24,BAL,RB,12,0,6,24,0,1,50,9,4,2,0.5,0,
179,Tyler Badie,25,DEN,RB,13,0,6,25,0,1,16.7,7,4.2,1.9,0.5,0,
180,Dyami Brown,26,JAX,WR,12,6,6,30,0,2,66.7,9,5,2.5,0.5,1,
181,Audric Estime,22,NOR,RB,4,0,6,22,0,2,50,9,3.7,5.5,1.5,0,
182,Harold Fannin,21,CLE,TE,14,11,6,12,0,1,16.7,4,2,0.9,0.4,1,
183,Jimmy Garoppolo,34,LAR,QB,2,0,6,-7,0,0,0,-1,-1.2,-3.5,3,0,
184,Tez Johnson,23,TAM,WR,13,8,6,17,0,0,66.7,6,2.8,1.3,0.5,0,
185,Drew Lock,29,SEA,QB,5,0,6,-5,0,0,0,,-0.8,-1,1.2,2,
186,Hunter Luepke,25,DAL,RB,14,4,6,29,0,3,50,8,4.8,2.1,0.4,0,
187,Elijah Moore,25,BUF,WR,9,2,6,24,1,3,50,11,4,2.7,0.7,0,
188,Tre Tucker,24,LVR,WR,14,14,6,36,0,0,83.3,9,6,2.6,0.4,0,
189,Tyler Warren,23,IND,TE,14,9,6,8,1,3,50,3,1.3,0.6,0.4,1,
190,Parker Washington,23,JAX,WR,13,6,6,5,0,1,50,5,0.8,0.4,0.5,1,
191,Jameson Williams,24,DET,WR,14,12,6,12,0,0,33.3,9,2,0.9,0.4,0,
192,Cam Akers,26,MIN,RB,3,0,5,19,0,1,40,14,3.8,6.3,1.7,0,
193,Brittain Brown,28,CHI,RB,3,0,5,37,1,2,60,22,7.4,12.3,1.7,0,
194,Luther Burden,22,CHI,WR,13,3,5,27,0,2,40,15,5.4,2.1,0.4,0,
195,Kirk Cousins,37,ATL,QB,7,5,5,9,0,2,40,6,1.8,1.3,0.7,2,
196,Andy Dalton,38,CAR,QB,4,1,5,-2,0,0,0,1,-0.4,-0.5,1.3,2,
197,Joshua Dobbs,30,NWE,QB,2,0,5,-4,0,0,0,,-0.8,-2,2.5,0,
198,Troy Franklin,22,DEN,WR,14,7,5,12,0,2,40,11,2.4,0.9,0.4,1,
199,Tyler Goodson,25,IND,RB,9,0,5,12,0,0,20,4,2.4,1.3,0.6,0,
200,Bo Melton,26,GNB,CB,13,0,5,35,0,2,40,17,7,2.7,0.4,0,
201,Gardner Minshew II,29,KAN,QB,3,0,5,-6,0,0,0,-1,-1.2,-2,1.7,0,
202,Jaylin Noel,23,HOU,WR,14,3,5,10,0,0,20,5,2,0.7,0.4,0,
203,Rashee Rice,25,KAN,WR,8,8,5,20,1,2,80,7,4,2.5,0.6,2,
204,Jacardia Wright,25,SEA,RB,1,0,5,20,0,1,40,10,4,20,5,0,
205,D'Ernest Johnson,29,2TM,RB,5,0,5,7,0,0,20,5,1.4,1.4,1,0,
205,D'Ernest Johnson,29,ARI,RB,1,0,1,0,0,0,0,,0,0,1,0,
205,D'Ernest Johnson,29,NWE,RB,4,0,4,7,0,0,25,5,1.8,1.8,1,0,
206,British Brooks,26,HOU,RB,12,2,4,15,0,2,50,9,3.8,1.3,0.3,0,
207,Ryan Flournoy,26,DAL,WR,14,2,4,25,0,2,50,12,6.3,1.8,0.3,0,
208,Velus Jones Jr.,28,SEA,RB,3,0,4,32,0,1,25,25,8,10.7,1.3,0,
209,Tanner McKee,25,PHI,QB,2,0,4,7,0,1,25,9,1.8,3.5,2,0,
210,Jakobi Meyers,29,2TM,WR,13,10,4,12,0,1,50,4,3,0.9,0.3,0,
210,Jakobi Meyers,29,LVR,WR,7,6,0,0,0,0,,,,0,0,0,
210,Jakobi Meyers,29,JAX,WR,6,4,4,12,0,1,50,4,3,2,0.7,0,
211,Kenny Pickett,27,LVR,QB,4,1,4,13,0,2,50,8,3.3,3.3,1,1,
212,Anthony Richardson,23,IND,QB,2,0,4,-1,0,1,25,2,-0.3,-0.5,2,0,
213,Cooper Rush,32,BAL,QB,4,2,4,-4,0,0,0,,-1,-1,1,1,
214,Sterling Shepard,32,TAM,WR,13,2,4,19,0,1,75,11,4.8,1.5,0.3,1,
215,Jonnu Smith,30,PIT,TE,14,5,4,31,1,2,75,14,7.8,2.2,0.3,1,
216,Cade Stover,25,HOU,TE,6,5,4,3,0,2,50,2,0.8,0.5,0.7,0,
217,Mitchell Trubisky,31,BUF,QB,3,0,4,1,0,0,0,4,0.3,0.3,1.3,0,
218,Josh Williams,25,TAM,RB,3,0,4,11,0,0,25,4,2.8,3.7,1.3,0,
219,Olamide Zaccheaus,28,CHI,WR,14,5,4,25,0,1,75,12,6.3,1.8,0.3,0,
220,Trayveon Williams,28,2TM,RB,4,0,4,2,0,1,25,3,0.5,0.5,1,0,
220,Trayveon Williams,28,LAC,RB,3,0,3,-1,0,0,0,2,-0.3,-0.3,1,0,
220,Trayveon Williams,28,CLE,RB,1,0,1,3,0,1,100,3,3,3,1,0,
221,Kyle Allen,29,DET,QB,3,0,3,-3,0,0,0,-1,-1,-1,1,0,
222,Isaiah Bond,21,CLE,WR,13,2,3,26,0,1,100,9,8.7,2,0.2,0,
223,Teddy Bridgewater,33,TAM,QB,4,0,3,4,0,0,0,6,1.3,1,0.8,0,
224,Ja'Marr Chase,25,CIN,WR,13,13,3,14,0,0,66.7,9,4.7,1.1,0.2,1,
225,Ashton Dulin,28,IND,WR,10,2,3,44,0,2,100,22,14.7,4.4,0.3,0,
226,Myles Gaskin,28,SEA,RB,1,0,3,6,0,0,0,3,2,6,3,0,
227,Andrei Iosivas,26,CIN,WR,14,7,3,14,0,0,66.7,5,4.7,1,0.2,0,
228,Riley Leonard,23,IND,QB,2,0,3,6,1,1,33.3,6,2,3,1.5,0,
229,John Metchie,25,2TM,WR,13,4,3,-5,0,0,33.3,4,-1.7,-0.4,0.2,0,
229,John Metchie,25,PHI,WR,7,0,0,0,0,0,,,,0,0,0,
229,John Metchie,25,NYJ,WR,6,4,3,-5,0,0,33.3,4,-1.7,-0.8,0.5,0,
230,Jalen Milroe,23,SEA,QB,3,0,3,4,0,0,0,3,1.3,1.3,1,1,
231,Craig Reynolds,29,DET,RB,7,0,3,4,0,0,0,3,1.3,0.6,0.4,0,
232,Raheim Sanders,23,CLE,RB,1,0,3,3,1,2,66.7,2,1,3,3,0,
233,Arian Smith,24,NYJ,WR,13,5,3,11,0,1,66.7,13,3.7,0.8,0.2,0,
234,Amon-Ra St. Brown,26,DET,WR,14,14,3,9,0,1,33.3,6,3,0.6,0.2,1,
235,Brian Thomas,23,JAX,WR,11,11,3,21,1,2,100,9,7,1.9,0.3,0,
236,Mason Tipton,25,NOR,WR,13,3,3,6,0,1,33.3,11,2,0.5,0.2,1,
237,Jordan Whittington,25,LAR,WR,14,6,3,12,0,0,66.7,6,4,0.9,0.2,0,
238,Malik Willis,26,GNB,QB,2,0,3,19,0,2,66.7,16,6.3,9.5,1.5,0,
239,Zach Wilson,26,MIA,QB,3,0,3,1,0,0,0,3,0.3,0.3,1,0,
240,Owen Wright,26,TAM,RB,3,0,3,6,0,0,0,4,2,2,1,0,
241,Tyson Bagent,25,CHI,QB,3,0,2,7,0,0,50,7,3.5,2.3,0.7,1,
242,Brock Bowers,23,LVR,TE,11,7,2,2,0,0,50,6,1,0.2,0.2,0,
243,Max Brosmer,24,MIN,QB,4,1,2,-2,0,0,0,-1,-1,-0.5,0.5,0,
244,Nico Collins,26,HOU,WR,13,13,2,15,1,1,100,8,7.5,1.2,0.2,1,
245,Derius Davis,25,LAC,WR,10,0,2,5,0,0,0,3,2.5,0.5,0.2,1,
246,Emeka Egbuka,23,TAM,WR,14,12,2,9,0,0,50,9,4.5,0.6,0.1,0,
247,Feleipe Franks,28,ATL,TE,14,0,2,4,0,2,100,2,2,0.3,0.1,0,
248,Khalil Herbert,27,NYJ,RB,4,0,2,5,0,0,0,3,2.5,1.3,0.5,0,
249,Nyheim Hines,29,LAC,RB,3,0,2,-2,0,0,0,1,-1,-0.7,0.7,0,
250,Xavier Hutchinson,25,HOU,WR,14,4,2,14,0,1,100,9,7,1,0.1,0,
251,Alec Ingold,29,MIA,FB,14,9,2,9,0,1,50,6,4.5,0.6,0.1,0,
252,Amar Johnson,22,LAC,RB,2,0,2,8,0,0,50,6,4,4,1,0,
253,Kameron Johnson,23,TAM,WR,14,0,2,13,0,1,50,11,6.5,0.9,0.1,2,
254,Roschon Johnson,24,CHI,RB,7,0,2,17,0,1,100,11,8.5,2.4,0.3,0,
255,Quentin Johnston,24,LAC,WR,12,8,2,7,0,0,50,9,3.5,0.6,0.2,1,
256,Kyle Juszczyk,34,SFO,FB,14,14,2,-3,0,0,0,,-1.5,-0.2,0.1,0,
257,Corey Kiner,23,ARI,RB,1,0,2,11,0,1,50,7,5.5,11,2,0,
258,D.K. Metcalf,28,PIT,WR,14,14,2,12,1,1,100,6,6,0.9,0.1,0,
259,Kendall Milton,23,CIN,RB,1,0,2,2,0,0,0,2,1,2,2,0,
260,Jalen Nailor,26,MIN,WR,14,7,2,13,0,1,50,15,6.5,0.9,0.1,0,
261,Ricky Pearsall,25,SFO,WR,8,8,2,-2,0,0,0,2,-1,-0.3,0.3,0,
262,Kalif Raymond,31,DET,WR,12,3,2,19,0,1,100,10,9.5,1.6,0.2,0,
263,Jayden Reed,25,GNB,WR,4,2,2,22,0,1,100,15,11,5.5,0.5,0,
264,Wan'Dale Robinson,24,NYG,WR,14,13,2,2,0,1,50,2,1,0.1,0.1,1,
265,Jacob Saylors,24,DET,RB,13,0,2,11,0,1,50,9,5.5,0.8,0.2,0,
266,Isaiah Williams,24,NYJ,WR,12,0,2,29,0,1,100,25,14.5,2.4,0.2,1,
267,Jordan Addison,23,MIN,WR,11,10,1,16,0,1,100,16,16,1.5,0.1,0,
268,Brandon Aubrey,30,DAL,K,14,0,1,6,0,1,100,6,6,0.4,0.1,0,
269,Andrew Beck,29,NYJ,FB,14,2,1,5,0,1,100,5,5,0.4,0.1,0,
270,Ulysses Bentley,25,IND,RB,1,0,1,0,0,0,0,,0,0,1,0,
271,Tyler Conklin,30,LAC,TE,12,5,1,2,0,1,100,2,2,0.2,0.1,1,
272,Malik Cunningham,27,DET,WR,1,0,1,1,0,0,0,1,1,1,1,0,
273,DeeJay Dallas,27,CAR,RB,3,0,1,0,0,0,0,,0,0,0.3,0,
274,Evan Engram,31,DEN,TE,13,1,1,7,0,0,100,7,7,0.5,0.1,0,
275,Quinn Ewers,22,MIA,QB,1,0,1,0,0,0,0,,0,0,1,2,
276,Jake Ferguson,26,DAL,TE,14,7,1,1,0,0,0,1,1,0.1,0.1,3,
277,Terrance Ferguson,22,LAR,TE,12,1,1,0,0,0,0,,0,0,0.1,0,
278,Jamie Gillan,28,NYG,P,13,0,1,-13,0,0,0,-13,-13,-1,0.1,0,
279,C.J. Ham,32,MIN,FB,8,0,1,1,1,1,100,1,1,0.1,0.1,0,
280,Tre Harris,23,LAC,WR,14,8,1,3,0,0,0,3,3,0.2,0.1,0,
281,T.J. Hockenson,28,MIN,TE,14,14,1,0,0,0,0,,0,0,0.1,0,
282,Mack Hollins,32,NWE,WR,14,12,1,4,0,0,0,4,4,0.3,0.1,1,
283,Travis Homer,27,CHI,RB,7,0,1,-2,0,0,0,-2,-2,-0.3,0.1,0,
284,Travis Hunter,22,JAX,WR,7,4,1,0,0,0,0,,0,0,0.1,1,
285,Justin Jefferson,26,MIN,WR,14,14,1,4,0,0,100,4,4,0.3,0.1,0,
286,Travis Kelce,36,KAN,TE,14,14,1,1,0,0,0,1,1,0.1,0.1,0,
287,George Kittle,32,SFO,TE,9,9,1,-3,0,0,0,-3,-3,-0.3,0.1,0,
288,Tucker Kraft,25,GNB,TE,8,8,1,3,0,0,0,3,3,0.4,0.1,0,
289,CeeDee Lamb,26,DAL,WR,11,10,1,2,0,0,0,2,2,0.2,0.1,0,
290,Jaylin Lane,23,WAS,WR,14,3,1,7,0,0,100,7,7,0.5,0.1,3,
291,Gage Larvadain,23,CLE,WR,10,0,1,3,0,0,0,3,3,0.3,0.1,4,
292,Xavier Legette,24,CAR,WR,12,11,1,0,0,0,0,,0,0,0.1,1,
293,Colston Loveland,21,CHI,TE,13,9,1,-2,0,0,0,-2,-2,-0.2,0.1,0,
294,Braden Mann,28,PHI,P,14,0,1,-34,0,0,0,-34,-34,-2.4,0.1,0,
295,Adrian Martinez,25,SFO,QB,1,0,1,-1,0,0,0,-1,-1,-1,1,0,
296,Adonai Mitchell,23,2TM,WR,13,3,1,-4,0,0,0,-4,-4,-0.3,0.1,1,
296,Adonai Mitchell,23,IND,WR,8,1,0,0,0,0,,,,0,0,1,
296,Adonai Mitchell,23,NYJ,WR,5,2,1,-4,0,0,0,-4,-4,-0.8,0.2,0,
297,Chris Moore,32,WAS,WR,11,5,1,9,0,0,100,9,9,0.8,0.1,0,
298,David Moore,30,CAR,WR,4,2,1,12,0,1,100,12,12,3,0.3,0,
299,Skyy Moore,25,SFO,WR,14,0,1,1,0,0,0,1,1,0.1,0.1,1,
300,Kalel Mullings,23,TEN,RB,6,0,1,3,0,1,100,3,3,0.5,0.2,0,
301,Chris Olave,25,NOR,WR,14,14,1,-3,0,0,0,-3,-3,-0.2,0.1,0,
302,Nikko Remigio,26,KAN,WR,13,0,1,11,0,1,100,11,11,0.8,0.1,1,
303,Patrick Ricard,31,BAL,FB,8,2,1,3,0,1,100,3,3,0.4,0.1,0,
304,Philip Rivers,44,IND,QB,1,1,1,-5,0,0,0,-5,-5,-5,1,0,
305,Demarcus Robinson,31,SFO,WR,11,1,1,6,0,0,100,6,6,0.5,0.1,0,
306,Drew Sample,29,CIN,TE,14,11,1,3,0,0,0,3,3,0.2,0.1,0,
307,Khalil Shakir,25,BUF,WR,14,9,1,5,0,0,0,5,5,0.4,0.1,1,
308,Jarrett Stidham,29,DEN,QB,1,0,1,-1,0,0,0,-1,-1,-1,1,0,
309,Grant Stuard,27,DET,LB,14,0,1,0,0,0,0,,0,0,0.1,0,
310,Rodney Thomas II,27,IND,S,14,0,1,3,0,1,100,3,3,0.2,0.1,0,
311,Deven Thompkins,26,ATL,WR,4,0,1,5,0,0,100,5,5,1.3,0.3,0,
312,Sione Vaki,24,DET,RB,8,0,1,4,0,0,100,4,4,0.5,0.1,0,
313,Jaylen Waddle,27,MIA,WR,14,14,1,21,0,1,100,21,21,1.5,0.1,0,
314,Darren Waller,33,MIA,TE,7,2,1,4,0,1,100,4,4,0.6,0.1,0,
315,Christian Watson,26,GNB,WR,8,8,1,3,0,0,0,3,3,0.4,0.1,0,
316,Dontayvion Wicks,24,GNB,WR,12,7,1,6,0,0,100,6,6,0.5,0.1,0,
317,Kyle Williams,23,NWE,WR,14,0,1,-2,0,0,0,-2,-2,-0.1,0.1,0,
318,Davante Adams,33,LAR,WR,14,14,0,0,0,0,,,,0,0,0,
319,Nate Adkins,26,DEN,TE,7,4,0,0,0,0,,,,0,0,0,
320,Mo Alie-Cox,32,IND,TE,14,6,0,0,0,0,,,,0,0,0,
321,Davis Allen,24,LAR,TE,14,2,0,0,0,0,,,,0,0,0,
322,Keenan Allen,33,LAC,WR,14,3,0,0,0,0,,,,0,0,2,
323,Spencer Anderson,25,PIT,OL,14,4,0,0,0,0,,,,0,0,0,
324,Elijah Arroyo,22,SEA,TE,13,4,0,0,0,0,,,,0,0,1,
325,Tutu Atwell,26,LAR,WR,7,4,0,0,0,0,,,,0,0,0,
326,Calvin Austin III,26,PIT,WR,12,7,0,0,0,0,,,,0,0,0,
327,Kevin Austin,25,NOR,WR,5,0,0,0,0,0,,,,0,0,0,
328,Elic Ayomanor,22,TEN,WR,13,12,0,0,0,0,,,,0,0,0,
329,Andre Baccellia,28,ARI,WR,5,2,0,0,0,0,,,,0,0,0,
330,Alex Bachman,29,LVR,WR,9,0,0,0,0,0,,,,0,0,0,
331,Michael Bandy,28,DEN,WR,3,0,0,0,0,0,,,,0,0,1,
332,Rashod Bateman,26,BAL,WR,11,10,0,0,0,0,,,,0,0,0,
333,Brenden Bates,26,HOU,TE,3,0,0,0,0,0,,,,0,0,0,
334,John Bates,28,WAS,TE,12,9,0,0,0,0,,,,0,0,0,
335,Jack Bech,23,LVR,WR,14,4,0,0,0,0,,,,0,0,0,
336,Daniel Bellinger,25,NYG,TE,13,7,0,0,0,0,,,,0,0,0,
337,Braxton Berrios,30,HOU,WR,4,0,0,0,0,0,,,,0,0,0,
338,Jake Bobo,27,SEA,WR,9,0,0,0,0,0,,,,0,0,0,
339,Garett Bolles,33,DEN,T,14,14,0,0,0,0,,,,0,0,0,
340,Kendrick Bourne,30,SFO,WR,13,7,0,0,0,0,,,,0,0,0,
341,Kayshon Boutte,23,NWE,WR,12,9,0,0,0,0,,,,0,0,0,
342,Jalen Brooks,25,ARI,WR,2,0,0,0,0,0,,,,0,0,1,
343,A.J. Brown,28,PHI,WR,13,13,0,0,0,0,,,,0,0,0,
344,Marquise Brown,28,KAN,WR,13,5,0,0,0,0,,,,0,0,1,
345,Noah Brown,29,WAS,WR,4,4,0,0,0,0,,,,0,0,0,
346,Pharaoh Brown,31,ARI,TE,5,1,0,0,0,0,,,,0,0,0,
347,Jason Brownlee,26,KAN,WR,5,0,0,0,0,0,,,,0,0,0,
348,Harrison Bryant,27,HOU,TE,9,3,0,0,0,0,,,,0,0,0,
349,Pat Bryant,23,DEN,WR,13,6,0,0,0,0,,,,0,0,0,
350,Treylon Burks,25,WAS,WR,5,0,0,0,0,0,,,,0,0,0,
351,Grant Calcaterra,27,PHI,TE,12,5,0,0,0,0,,,,0,0,0,
352,Alex Cappa,30,LVR,G,14,5,0,0,0,0,,,,0,0,0,
353,Robbie Chosen,32,WAS,WR,3,0,0,0,0,0,,,,0,0,0,
354,Jalen Coker,24,CAR,WR,8,2,0,0,0,0,,,,0,0,1,
355,Connor Colby,22,SFO,OL,10,6,0,0,0,0,,,,0,0,0,
356,Keon Coleman,22,BUF,WR,12,6,0,0,0,0,,,,0,0,1,
357,Beaux Collins,23,NYG,WR,9,0,0,0,0,0,,,,0,0,0,
358,Tanner Conner,27,MIA,TE,9,0,0,0,0,0,,,,0,0,0,
359,Brandin Cooks,32,2TM,WR,13,5,0,0,0,0,,,,0,0,0,
359,Brandin Cooks,32,NOR,WR,10,3,0,0,0,0,,,,0,0,0,
359,Brandin Cooks,32,BUF,WR,3,2,0,0,0,0,,,,0,0,0,
360,Darius Cooper,24,PHI,WR,10,0,0,0,0,0,,,,0,0,0,
361,Devin Culp,25,TAM,TE,11,0,0,0,0,0,,,,0,0,0,
362,Gabriel Davis,26,BUF,WR,4,3,0,0,0,0,,,,0,0,0,
363,Josiah Deguara,28,ARI,TE,9,0,0,0,0,0,,,,0,0,0,
364,Stefon Diggs,32,NWE,WR,14,14,0,0,0,0,,,,0,0,0,
365,Will Dissly,29,LAC,TE,6,1,0,0,0,0,,,,0,0,0,
366,Jahan Dotson,25,PHI,WR,14,7,0,0,0,0,,,,0,0,0,
367,Romeo Doubs,25,GNB,WR,14,13,0,0,0,0,,,,0,0,1,
368,Josh Downs,24,IND,WR,13,8,0,0,0,0,,,,0,0,1,
369,Dylan Drummond,25,ATL,WR,6,0,0,0,0,0,,,,0,0,0,
370,Greg Dulcich,25,MIA,TE,7,1,0,0,0,0,,,,0,0,0,
371,Payne Durham,25,TAM,TE,14,8,0,0,0,0,,,,0,0,0,
372,Devin Duvernay,28,CHI,WR,14,0,0,0,0,0,,,,0,0,0,
373,Ross Dwelley,30,DET,TE,11,1,0,0,0,0,,,,0,0,0,
374,Zach Ertz,35,WAS,TE,13,13,0,0,0,0,,,,0,0,1,
375,D'Wayne Eskridge,28,MIA,WR,12,0,0,0,0,0,,,,0,0,1,
376,Mike Evans,32,TAM,WR,5,5,0,0,0,0,,,,0,0,0,
377,Mitchell Evans,22,CAR,TE,14,7,0,0,0,0,,,,0,0,0,
378,Noah Fant,28,CIN,TE,13,6,0,0,0,0,,,,0,0,2,
379,Luke Farrell,28,SFO,TE,14,4,0,0,0,0,,,,0,0,1,
380,Tai Felton,22,MIN,WR,14,0,0,0,0,0,,,,0,0,0,
381,Anthony Firkser,30,DET,TE,4,2,0,0,0,0,,,,0,0,0,
382,Tucker Fisk,26,LAC,TE,10,7,0,0,0,0,,,,0,0,0,
383,John FitzPatrick,25,GNB,TE,14,4,0,0,0,0,,,,0,0,0,
384,Pat Freiermuth,27,PIT,TE,14,5,0,0,0,0,,,,0,0,0,
385,Oronde Gadsden II,22,LAC,TE,12,7,0,0,0,0,,,,0,0,1,
386,Mike Gesicki,30,CIN,TE,10,1,0,0,0,0,,,,0,0,0,
387,Reggie Gilliam,28,BUF,FB,14,2,0,0,0,0,,,,0,0,0,
388,Xavier Gipson,24,PHI,WR,5,0,0,0,0,0,,,,0,0,2,
389,Chris Godwin,29,TAM,WR,6,4,0,0,0,0,,,,0,0,0,
390,Dallas Goedert,30,PHI,TE,13,13,0,0,0,0,,,,0,0,0,
391,Anthony Gould,24,IND,WR,11,1,0,0,0,0,,,,0,0,0,
392,Cam Grandy,25,CIN,TE,4,1,0,0,0,0,,,,0,0,1,
393,Kylen Granson,27,PHI,TE,14,2,0,0,0,0,,,,0,0,0,
394,Noah Gray,26,KAN,TE,13,5,0,0,0,0,,,,0,0,0,
395,Mecole Hardman,27,BUF,WR,1,0,0,0,0,0,,,,0,0,1,
396,Marvin Harrison Jr.,23,ARI,WR,10,10,0,0,0,0,,,,0,0,0,
397,Jackson Hawes,25,BUF,TE,14,7,0,0,0,0,,,,0,0,0,
398,Malik Heath,25,GNB,WR,11,0,0,0,0,0,,,,0,0,0,
399,Gunnar Helm,23,TEN,TE,14,8,0,0,0,0,,,,0,0,0,
400,Hunter Henry,31,NWE,TE,14,14,0,0,0,0,,,,0,0,0,
401,Tyler Higbee,32,LAR,TE,9,7,0,0,0,0,,,,0,0,0,
402,Elijah Higgins,25,ARI,TE,14,8,0,0,0,0,,,,0,0,1,
403,Jayden Higgins,23,HOU,WR,14,9,0,0,0,0,,,,0,0,0,
404,Tee Higgins,26,CIN,WR,12,12,0,0,0,0,,,,0,0,0,
405,Julian Hill,25,MIA,TE,11,10,0,0,0,0,,,,0,0,0,
406,Tyreek Hill,31,MIA,WR,4,4,0,0,0,0,,,,0,0,0,
407,KhaDarel Hodge,30,ATL,WR,12,1,0,0,0,0,,,,0,0,0,
408,Isaiah Hodgins,27,NYG,WR,4,3,0,0,0,0,,,,0,0,0,
409,Austin Hooper,31,NWE,TE,13,6,0,0,0,0,,,,0,0,0,
410,DeAndre Hopkins,33,BAL,WR,14,3,0,0,0,0,,,,0,0,0,
411,Tory Horton,23,SEA,WR,8,3,0,0,0,0,,,,0,0,0,
412,Tanner Hudson,31,CIN,TE,12,1,0,0,0,0,,,,0,0,0,
413,Lil'Jordan Humphrey,27,2TM,WR,7,2,0,0,0,0,,,,0,0,0,
413,Lil'Jordan Humphrey,27,NYG,WR,3,2,0,0,0,0,,,,0,0,0,
413,Lil'Jordan Humphrey,27,DEN,WR,4,0,0,0,0,0,,,,0,0,0,
414,Jalin Hyatt,24,NYG,WR,8,0,0,0,0,0,,,,0,0,0,
415,Shedrick Jackson,26,LVR,WR,3,0,0,0,0,0,,,,0,0,0,
416,Van Jefferson,29,TEN,WR,14,6,0,0,0,0,,,,0,0,0,
417,Jauan Jennings,28,SFO,WR,12,12,0,0,0,0,,,,0,0,1,
418,Jerry Jeudy,26,CLE,WR,14,13,0,0,0,0,,,,0,0,1,
419,Juwan Johnson,29,NOR,TE,14,7,0,0,0,0,,,,0,0,1,
420,Theo Johnson,24,NYG,TE,14,14,0,0,0,0,,,,0,0,0,
421,Tyler Johnson,27,NYJ,WR,10,5,0,0,0,0,,,,0,0,0,
422,Charlie Jones,27,CIN,WR,14,0,0,0,0,0,,,,0,0,0,
423,Jacoby Jones,24,WAS,WR,1,0,0,0,0,0,,,,0,0,0,
424,Tim Jones,27,JAX,WR,2,0,0,0,0,0,,,,0,0,0,
425,Zay Jones,30,ARI,WR,8,0,0,0,0,0,,,,0,0,0,
426,Nick Kallerup,24,SEA,TE,7,0,0,0,0,0,,,,0,0,0,
427,Tom Kennedy,29,DET,WR,3,0,0,0,0,0,,,,0,0,0,
428,Dalton Kincaid,26,BUF,TE,10,3,0,0,0,0,,,,0,0,1,
429,Mason Kinsey,27,TEN,WR,7,0,0,0,0,0,,,,0,0,0,
430,Christian Kirk,29,HOU,WR,10,2,0,0,0,0,,,,0,0,0,
431,Cole Kmet,26,CHI,TE,13,12,0,0,0,0,,,,0,0,0,
432,Dawson Knox,29,BUF,TE,14,10,0,0,0,0,,,,0,0,0,
433,Charlie Kolar,26,BAL,TE,14,5,0,0,0,0,,,,0,0,0,
434,Lucas Krull,27,DEN,TE,3,3,0,0,0,0,,,,0,0,0,
435,Cooper Kupp,32,SEA,WR,13,13,0,0,0,0,,,,0,0,0,
436,KeAndre Lambert-Smith,24,LAC,WR,7,1,0,0,0,0,,,,0,0,0,
437,Sam LaPorta,24,DET,TE,9,9,0,0,0,0,,,,0,0,0,
438,Keleki Latu,23,BUF,TE,3,0,0,0,0,0,,,,0,0,0,
439,Allen Lazard,30,NYJ,WR,10,2,0,0,0,0,,,,0,0,0,
440,Isaiah Likely,25,BAL,TE,11,7,0,0,0,0,,,,0,0,2,
441,Tyler Lockett,33,2TM,WR,14,2,0,0,0,0,,,,0,0,0,
441,Tyler Lockett,33,TEN,WR,7,1,0,0,0,0,,,,0,0,0,
441,Tyler Lockett,33,LVR,WR,7,1,0,0,0,0,,,,0,0,0,
442,Drake London,24,ATL,WR,9,9,0,0,0,0,,,,0,0,1,
443,Hunter Long,27,JAX,TE,9,3,0,0,0,0,,,,0,0,1,
444,Chris Manhertz,33,NYG,TE,14,2,0,0,0,0,,,,0,0,0,
445,Tay Martin,28,WAS,WR,3,0,0,0,0,0,,,,0,0,0,
446,David Martin-Robinson,26,TEN,TE,14,4,0,0,0,0,,,,0,0,0,
447,Scott Matlock,25,LAC,FB,13,5,0,0,0,0,,,,0,0,0,
448,Michael Mayer,24,LVR,TE,10,9,0,0,0,0,,,,0,0,0,
449,Trey McBride,26,ARI,TE,14,14,0,0,0,0,,,,0,0,0,
450,Luke McCaffrey,24,WAS,WR,9,0,0,0,0,0,,,,0,0,0,
451,Ray-Ray McCloud,29,2TM,WR,6,2,0,0,0,0,,,,0,0,0,
451,Ray-Ray McCloud,29,ATL,WR,4,1,0,0,0,0,,,,0,0,0,
451,Ray-Ray McCloud,29,NYG,WR,2,1,0,0,0,0,,,,0,0,0,
452,Ladd McConkey,24,LAC,WR,14,10,0,0,0,0,,,,0,0,0,
453,Terry McLaurin,30,WAS,WR,7,7,0,0,0,0,,,,0,0,0,
454,Jalen McMillan,24,TAM,WR,1,1,0,0,0,0,,,,0,0,0,
455,Tetairoa McMillan,22,CAR,WR,14,14,0,0,0,0,,,,0,0,0,
456,Ryan Miller,25,TAM,WR,13,3,0,0,0,0,,,,0,0,0,
457,Scott Miller,28,PIT,WR,10,0,0,0,0,0,,,,0,0,0,
458,Jonathan Mingo,24,DAL,WR,3,0,0,0,0,0,,,,0,0,0,
459,Elijah Mitchell,27,KAN,RB,1,0,0,0,0,0,,,,0,0,0,
460,James Mitchell,26,CAR,TE,4,0,0,0,0,0,,,,0,0,0,
461,Zaire Mitchell-Paden,26,2TM,TE,8,1,0,0,0,0,,,,0,0,0,
461,Zaire Mitchell-Paden,26,BAL,TE,6,1,0,0,0,0,,,,0,0,0,
461,Zaire Mitchell-Paden,26,NOR,TE,2,0,0,0,0,0,,,,0,0,0,
462,Darnell Mooney,28,ATL,WR,12,12,0,0,0,0,,,,0,0,2,
463,Foster Moreau,28,NOR,TE,10,8,0,0,0,0,,,,0,0,0,
464,Quintin Morris,26,JAX,TE,11,4,0,0,0,0,,,,0,0,0,
465,Konata Mumpfield,23,LAR,WR,14,0,0,0,0,0,,,,0,0,0,
466,Johnny Mundt,31,JAX,TE,13,6,0,0,0,0,,,,0,0,0,
467,Luke Musgrave,25,GNB,TE,14,9,0,0,0,0,,,,0,0,1,
468,Malik Nabers,22,NYG,WR,4,4,0,0,0,0,,,,0,0,0,
469,David Njoku,29,CLE,TE,12,11,0,0,0,0,,,,0,0,0,
470,Rome Odunze,23,CHI,WR,12,12,0,0,0,0,,,,0,0,0,
471,Andrew Ogletree,27,IND,TE,14,5,0,0,0,0,,,,0,0,0,
472,Chigoziem Okonkwo,26,TEN,TE,14,10,0,0,0,0,,,,0,0,0,
473,Albert Okwuegbunam,27,LVR,TE,1,0,0,0,0,0,,,,0,0,0,
474,Bryce Oliver,25,TEN,WR,2,0,0,0,0,0,,,,0,0,0,
475,Josh Oliver,28,MIN,TE,12,5,0,0,0,0,,,,0,0,0,
476,Gunner Olszewski,29,NYG,WR,13,0,0,0,0,0,,,,0,0,1,
477,Cade Otton,26,TAM,TE,13,13,0,0,0,0,,,,0,0,0,
478,Josh Palmer,26,BUF,WR,9,6,0,0,0,0,,,,0,0,0,
479,Colby Parkinson,26,LAR,TE,12,7,0,0,0,0,,,,0,0,1,
480,Tim Patrick,32,JAX,WR,13,2,0,0,0,0,,,,0,0,0,
481,Trevor Penning,26,LAC,OT,4,2,0,0,0,0,,,,0,0,0,
482,Dante Pettis,30,NOR,WR,5,0,0,0,0,0,,,,0,0,0,
483,George Pickens,24,DAL,WR,14,12,0,0,0,0,,,,0,0,4,
484,Alec Pierce,25,IND,WR,12,11,0,0,0,0,,,,0,0,0,
485,Michael Pittman Jr.,28,IND,WR,14,13,0,0,0,0,,,,0,0,0,
486,Kyle Pitts,25,ATL,TE,14,14,0,0,0,0,,,,0,0,0,
487,James Proche,29,TEN,WR,6,1,0,0,0,0,,,,0,0,0,
488,Bernhard Raimann,28,IND,T,14,14,0,0,0,0,,,,0,0,0,
489,Tip Reiman,24,ARI,TE,4,3,0,0,0,0,,,,0,0,0,
490,Hunter Renfrow,30,CAR,WR,6,2,0,0,0,0,,,,0,0,0,
491,Xavier Restrepo,23,TEN,WR,2,0,0,0,0,0,,,,0,0,0,
492,Josh Reynolds,30,NYJ,WR,5,3,0,0,0,0,,,,0,0,0,
493,Calvin Ridley,31,TEN,WR,7,6,0,0,0,0,,,,0,0,0,
494,Jeremy Ruckert,25,NYJ,TE,14,12,0,0,0,0,,,,0,0,0,
495,Carter Runyon,24,LVR,TE,10,0,0,0,0,0,,,,0,0,0,
496,Brady Russell,27,SEA,FB,14,1,0,0,0,0,,,,0,0,0,
497,Curtis Samuel,29,BUF,WR,6,0,0,0,0,0,,,,0,0,0,
498,Ja'Tavion Sanders,22,CAR,TE,11,4,0,0,0,0,,,,0,0,0,
499,Eric Saubert,31,SEA,TE,8,2,0,0,0,0,,,,0,0,0,
500,Luke Schoonmaker,27,DAL,TE,14,7,0,0,0,0,,,,0,0,0,
501,Dalton Schultz,29,HOU,TE,14,4,0,0,0,0,,,,0,0,0,
502,Tyrell Shavers,26,BUF,WR,14,6,0,0,0,0,,,,0,0,0,
503,Trent Sherfield,29,2TM,WR,12,3,0,0,0,0,,,,0,0,0,
503,Trent Sherfield,29,DEN,WR,10,3,0,0,0,0,,,,0,0,0,
503,Trent Sherfield,29,ARI,WR,2,0,0,0,0,0,,,,0,0,0,
504,David Sills V,29,ATL,WR,14,4,0,0,0,0,,,,0,0,0,
505,Jeffery Simmons,28,TEN,DT,12,12,0,0,0,0,,,,0,0,0,
506,Ben Sims,25,MIN,TE,5,1,0,0,0,0,,,,0,0,0,
507,Ben Sinnott,23,WAS,TE,13,3,0,0,0,0,,,,0,0,0,
508,Ben Skowronek,28,PIT,WR,14,3,0,0,0,0,,,,0,0,0,
509,Darius Slayton,28,NYG,WR,11,10,0,0,0,0,,,,0,0,1,
510,Stone Smartt,27,NYJ,TE,12,0,0,0,0,0,,,,0,0,0,
511,DeVonta Smith,27,PHI,WR,14,13,0,0,0,0,,,,0,0,0,
512,Xavier Smith,28,LAR,WR,13,3,0,0,0,0,,,,0,0,0,
513,JuJu Smith-Schuster,29,KAN,WR,14,9,0,0,0,0,,,,0,0,0,
514,Durham Smythe,30,CHI,TE,14,1,0,0,0,0,,,,0,0,0,
515,Brevyn Spann-Ford,26,DAL,TE,14,5,0,0,0,0,,,,0,0,0,
516,Jack Stoll,27,NOR,TE,13,3,0,0,0,0,,,,0,0,0,
517,Brenton Strange,25,JAX,TE,9,9,0,0,0,0,,,,0,0,0,
518,Courtland Sutton,30,DEN,WR,14,14,0,0,0,0,,,,0,0,0,
519,Mason Taylor,21,NYJ,TE,13,11,0,0,0,0,,,,0,0,0,
520,Isaac TeSlaa,23,DET,WR,14,2,0,0,0,0,,,,0,0,0,
521,Adam Thielen,35,2TM,WR,13,6,0,0,0,0,,,,0,0,0,
521,Adam Thielen,35,MIN,WR,11,4,0,0,0,0,,,,0,0,0,
521,Adam Thielen,35,PIT,WR,2,2,0,0,0,0,,,,0,0,0,
522,Ian Thomas,29,LVR,TE,13,8,0,0,0,0,,,,0,0,0,
523,Dont'e Thornton,23,LVR,WR,12,7,0,0,0,0,,,,0,0,0,
524,Tyquan Thornton,25,KAN,WR,14,4,0,0,0,0,,,,0,0,0,
525,Jamari Thrash,25,CLE,WR,9,1,0,0,0,0,,,,0,0,0,
526,Cedric Tillman,25,CLE,WR,10,7,0,0,0,0,,,,0,0,0,
527,Mitchell Tinsley,26,CIN,WR,14,3,0,0,0,0,,,,0,0,0,
528,Jalen Tolbert,26,DAL,WR,11,7,0,0,0,0,,,,0,0,0,
529,Jake Tonges,26,SFO,TE,14,1,0,0,0,0,,,,0,0,0,
530,Robert Tonyan,31,KAN,TE,14,0,0,0,0,0,,,,0,0,0,
531,Austin Trammell,27,JAX,WR,6,0,0,0,0,0,,,,0,0,0,
532,Adam Trautman,28,DEN,TE,14,11,0,0,0,0,,,,0,0,0,
533,Brycen Tremayne,26,CAR,WR,13,1,0,0,0,0,,,,0,0,1,
534,Tommy Tremble,25,CAR,TE,14,13,0,0,0,0,,,,0,0,0,
535,Malik Turner,29,SFO,WR,3,0,0,0,0,0,,,,0,0,0,
536,Marquez Valdes-Scantling,31,2TM,WR,7,0,0,0,0,0,,,,0,0,0,
536,Marquez Valdes-Scantling,31,SFO,WR,5,0,0,0,0,0,,,,0,0,0,
536,Marquez Valdes-Scantling,31,PIT,WR,2,0,0,0,0,0,,,,0,0,0,
537,Devaughn Vele,28,NOR,WR,13,7,0,0,0,0,,,,0,0,0,
538,Devontez Walker,24,BAL,WR,9,2,0,0,0,0,,,,0,0,0,
539,Tylan Wallace,26,BAL,WR,13,2,0,0,0,0,,,,0,0,0,
540,Casey Washington,24,ATL,WR,7,2,0,0,0,0,,,,0,0,0,
541,Darnell Washington,24,PIT,TE,14,11,0,0,0,0,,,,0,0,1,
542,Tahj Washington,24,MIA,WR,4,1,0,0,0,0,,,,0,0,1,
543,Jordan Watkins,23,SFO,WR,3,0,0,0,0,0,,,,0,0,0,
544,Justin Watson,29,HOU,WR,2,0,0,0,0,0,,,,0,0,0,
545,Jared Wayne,25,HOU,WR,1,1,0,0,0,0,,,,0,0,0,
546,Xavier Weaver,25,ARI,WR,7,1,0,0,0,0,,,,0,0,0,
547,Nick Westbrook-Ikhine,28,MIA,WR,14,3,0,0,0,0,,,,0,0,0,
548,Jack Westover,26,NWE,FB,14,1,0,0,0,0,,,,0,0,0,
549,Cody White,27,SEA,WR,8,0,0,0,0,0,,,,0,0,0,
550,Blake Whiteheart,25,CLE,TE,14,2,0,0,0,0,,,,0,0,1,
551,Josh Whyle,26,GNB,TE,6,1,0,0,0,0,,,,0,0,0,
552,Jared Wiley,25,KAN,TE,2,0,0,0,0,0,,,,0,0,0,
553,Brayden Willis,26,SFO,TE,5,0,0,0,0,0,,,,0,0,0,
554,Cedrick Wilson Jr.,30,MIA,WR,7,2,0,0,0,0,,,,0,0,0,
555,Garrett Wilson,25,NYJ,WR,7,7,0,0,0,0,,,,0,0,1,
556,Michael Wilson,25,ARI,WR,14,10,0,0,0,0,,,,0,0,0,
557,Roman Wilson,24,PIT,WR,12,4,0,0,0,0,,,,0,0,1,
558,Tristan Wirfs,26,TAM,T,10,10,0,0,0,0,,,,0,0,0,
559,Charlie Woerner,28,ATL,TE,14,11,0,0,0,0,,,,0,0,0,
560,Brock Wright,27,DET,TE,11,8,0,0,0,0,,,,0,0,0,
561,Luke Wypler,24,CLE,C,14,2,0,0,0,0,,,,0,0,0,
562,Colson Yankoff,25,WAS,TE,12,0,0,0,0,0,,,,0,0,0,
563,Dareke Young,26,SEA,WR,6,0,0,0,0,0,,,,0,0,0,
564,Ben Yurosek,23,MIN,TE,9,0,0,0,0,0,,,,0,0,0,